kind,from,to
diagnoses,A01.000x002,A01.003
diagnoses,A01.000x003+G01*,A01.002+G01*
diagnoses,A02.100x004,A02.100
diagnoses,A02.200x004+N16.0*,A02.205+N16.0*
diagnoses,A02.200x005+M90.2*,A02.204+M90.2*
diagnoses,A04.700x001,A04.702
diagnoses,A04.800x004,A04.803
diagnoses,A04.800x008,A04.802
diagnoses,A04.900x002,A04.900
diagnoses,A06.000x005,A06.000
diagnoses,A06.000x008,A06.000x001
diagnoses,A06.400,A06.400+K77.0*
diagnoses,A06.500x001+J99.8*,A06.502+J17.3*
diagnoses,A06.900x002,A06.900
diagnoses,A08.300x001,A08.300
diagnoses,A15.000x011,A15.100x002
diagnoses,A15.000x013,A15.100x003
diagnoses,A15.000x015,A15.100x004
diagnoses,A15.000x017,A15.100x005
diagnoses,A15.000x019,A15.100x006
diagnoses,A15.000x021,A15.100x007
diagnoses,A15.000x023,A15.100x008
diagnoses,A15.000x025,A15.100x009
diagnoses,A15.000x027,A15.100x010
diagnoses,A15.000x029,A15.100x011
diagnoses,A15.008,A15.000x001
diagnoses,A15.009,A15.000x001
diagnoses,A15.108,A15.100x001
diagnoses,A15.109,A15.100x001
diagnoses,A15.208,A15.200x001
diagnoses,A15.209,A15.200x001
diagnoses,A15.308,A15.300
diagnoses,A15.309,A15.300
diagnoses,A15.800x002,A15.200x002
diagnoses,A16.208,A16.200x002
diagnoses,A16.209,A16.200x002
diagnoses,A16.400x001,A16.405
diagnoses,A16.400x004,A16.402
diagnoses,A16.400x007,A16.402
diagnoses,A16.404,A16.402
diagnoses,A16.502,A16.500x004
diagnoses,A16.701,A16.700x002
diagnoses,A16.800x024,A16.200x013
diagnoses,A17.000x002,A17.001+G01*
diagnoses,A17.100x002,A17.100+G07*
diagnoses,A18.000x013+M49.0*,A18.012+M49.0*
diagnoses,A18.000x018+M73.8*,A18.000x018+M49.0*
diagnoses,A18.000x041+M01.1*,A18.044+M01.1*
diagnoses,A18.300x009,A18.300x009+K93.0*
diagnoses,A18.300x012,A18.309
diagnoses,A18.400x015,A18.408
diagnoses,A18.400x016,A18.408
diagnoses,A18.500x003+H19.0*,A18.507+H19.0*
diagnoses,A18.800x002,A18.808+I32.0*
diagnoses,A18.800x017+I41.0*,A18.821+I41.0*
diagnoses,A18.800x018+I39.8*,A18.820+I39.8*
diagnoses,A18.800x031+I41.0*,A18.821+I41.0*
diagnoses,A18.800x041,A18.300x016
diagnoses,A18.800x042,A18.820+I39.8*
diagnoses,A18.800x043,A18.822+I68.1*
diagnoses,A19.000x001,A19.001
diagnoses,A19.800x002,A19.801
diagnoses,A19.800x004,A19.800
diagnoses,A19.800x010,A19.000x001
diagnoses,A19.800x011,A19.000x002
diagnoses,A19.800x012,A19.000x003
diagnoses,A19.800x013,A19.000x004
diagnoses,A19.800x014,A19.000x005
diagnoses,A19.800x015,A19.000x006
diagnoses,A19.800x016,A19.000x007
diagnoses,A19.800x017,A19.000x008
diagnoses,A19.800x018,A19.000x009
diagnoses,A19.800x019,A19.000x010
diagnoses,A19.800x020,A19.000x011
diagnoses,A19.800x021,A19.000x012
diagnoses,A19.800x022,A19.000x013
diagnoses,A19.800x023,A19.000x014
diagnoses,A19.800x024,A19.000x015
diagnoses,A19.800x025,A19.000x016
diagnoses,A19.800x026,A19.000x017
diagnoses,A19.800x027,A19.000x018
diagnoses,A19.800x028,A19.000x019
diagnoses,A19.800x029,A19.000x020
diagnoses,A19.800x031,A19.802
diagnoses,A20.900x002,A20.900
diagnoses,A21.200,A21.201+J17.0*
diagnoses,A22.100x001,A22.102+J17.0*
diagnoses,A27.800x002,A27.800
diagnoses,A27.900x003,A27.000
diagnoses,A32.100x003,A32.102+G05.0*
diagnoses,A39.000x001+G01*,A39.003+G01*
diagnoses,A41.500x086,A41.502
diagnoses,A41.800x001,A41.807
diagnoses,A41.900x003,R57.200
diagnoses,A41.901,A41.900
diagnoses,A43.000,A43.000x001+J99.8*
diagnoses,A43.901,A43.800x001
diagnoses,A49.100,A49.103
diagnoses,A49.800x001,A49.809
diagnoses,A49.800x008,A49.814
diagnoses,A49.800x013,A49.812
diagnoses,A49.800x021,A49.100x005
diagnoses,A49.816,A49.100x005
diagnoses,A50.000x011,A50.001+H58.8*
diagnoses,A50.300,A50.300+H58.8*
diagnoses,A50.501,A50.500x001
diagnoses,A51.000x001,A51.000
diagnoses,A51.400x004,A51.403+H32.0*
diagnoses,A51.400x006+H58.8*,A51.405+H58.8*
diagnoses,A51.400x021,A51.404+H58.8*
diagnoses,A52.000x007,A52.000x007+I39.1*
diagnoses,A52.100x021+H58.0*,A52.102+H58.0*
diagnoses,A52.100x022,A52.106+H48.0*
diagnoses,A52.700x006+M90.2*,A52.707+M90.2*
diagnoses,A52.700x011+K67.2*,A52.710+K67.2*
diagnoses,A52.700x014,A52.702+H32.0*
diagnoses,A52.700x021,A52.708+H58.8*
diagnoses,A52.700x022,A52.709+N08.0*
diagnoses,A52.700x023+M01.8*,A52.706+M01.3*
diagnoses,A54.800x001,A54.808
diagnoses,A54.800x002,A54.809
diagnoses,A55.x00x001,A55.x00
diagnoses,A59.000x004,A59.000
diagnoses,A59.000x005,A59.002+N77.1*
diagnoses,A59.900x001,A59.900
diagnoses,A59.900x002,A59.900
diagnoses,A60.101,A60.100x002
diagnoses,A63.000x001,A63.000
diagnoses,A63.000x006,A63.001
diagnoses,A63.000x011,A63.002
diagnoses,A63.000x012,A63.003
diagnoses,A63.000x013,A63.001
diagnoses,A66.500,A66.501+J99.8*
diagnoses,A70.x00x001,A70.x00
diagnoses,A74.900x001,A74.900
diagnoses,A75.200,A75.200x001
diagnoses,A75.300,A75.300x001
diagnoses,A81.000x001,A81.000
diagnoses,A81.000x003+F02.1*,A81.001+F02.1*
diagnoses,A85.200x001+G05.1*,A85.200x001
diagnoses,A87.200,A87.200x001+G02.0*
diagnoses,A90.x00,A97.000
diagnoses,A90.x00x002,A97.200
diagnoses,A91.x00,A97.100
diagnoses,A93.800x001,A93.802
diagnoses,B00.100x004,B00.100x004+H62.1*
diagnoses,B00.500x008+H22.0*,B00.506+H22.0*
diagnoses,B00.500x010+H19.1*,B00.507+H19.1*
diagnoses,B00.500x011+H03.1*,B00.504+H03.1*
diagnoses,B00.500x021,B00.504+H03.1*
diagnoses,B00.500x022+H58.8*,B00.500x002+H58.8*
diagnoses,B00.500x023,B00.505+H22.0*
diagnoses,B00.500x024,B00.506+H22.0*
diagnoses,B00.500x025+H19.1*,B00.501+H19.1*
diagnoses,B00.500x026,B00.507+H19.1*
diagnoses,B00.500x027,B00.508+H22.0*
diagnoses,B00.500x028,B00.509+H03.1*
diagnoses,B00.800x001,B00.804+L99.8*
diagnoses,B00.801,B00.801+L99.8*
diagnoses,B00.900x004,B00.902
diagnoses,B00.900x006,B00.902
diagnoses,B02.200x009,B02.207+G53.0*
diagnoses,B02.205+G53.0*,B02.200x004+G53.0*
diagnoses,B02.300x002+H22.0*,B02.305+H22.0*
diagnoses,B02.300x003+H22.0*,B02.306+H22.0*
diagnoses,B02.300x004+H19.2*,B02.307+H19.2*
diagnoses,B02.300x007+H13.1*,B02.304+H13.1*
diagnoses,B02.300x011,B02.308+H19.0*
diagnoses,B02.700x002,B02.700
diagnoses,B02.900x004,B02.800x001
diagnoses,B05.900x003,B05.800x010
diagnoses,B05.900x004,B05.901
diagnoses,B06.000x001+G05.1*,B06.001+G05.1*
diagnoses,B06.000x003+G02.0*,B06.002+G02.0*
diagnoses,B06.800x002+M01.4*,B06.802+M01.4*
diagnoses,B06.900,B06.900x001
diagnoses,B07.x00x007,B07.x03
diagnoses,B08.100x002,B08.100
diagnoses,B08.400x002,B08.401
diagnoses,B08.800x001,B08.802
diagnoses,B08.800x005,B08.000x004
diagnoses,B16.206,B16.203
diagnoses,B17.804,B16.101
diagnoses,B17.805,B17.800
diagnoses,B17.806,B17.800
diagnoses,B17.807,B17.800
diagnoses,B17.901,B17.900x002
diagnoses,B18.000x002,B18.004
diagnoses,B18.100x001,B18.106
diagnoses,B18.101,B18.100
diagnoses,B18.102,B18.100
diagnoses,B18.200x011,B18.200
diagnoses,B18.200x012,B18.200
diagnoses,B18.800x001,B18.800x005
diagnoses,B18.817,B18.001
diagnoses,B18.818,B18.800
diagnoses,B18.900x001,B18.903
diagnoses,B18.900x008,B18.800x001
diagnoses,B18.900x009,B18.800x002
diagnoses,B18.900x010,B18.800x003
diagnoses,B18.900x011,B18.800x004
diagnoses,B18.900x021,B18.900
diagnoses,B18.900x022,B18.900
diagnoses,B19.000x001,B19.000
diagnoses,B19.900x001,B19.900
diagnoses,B19.900x002,B19.900x001+M03.2*
diagnoses,B19.900x011,B18.900
diagnoses,B20.100,B20.100x001
diagnoses,B20.200,B20.200x001
diagnoses,B20.300,B20.300x001
diagnoses,B20.400,B20.400x001
diagnoses,B20.500,B20.500x001
diagnoses,B20.600,B20.600x001
diagnoses,B20.700,B20.700x001
diagnoses,B21.000,B21.000x001
diagnoses,B21.100,B21.100x001
diagnoses,B21.200,B21.200x001
diagnoses,B27.900,B27.900x001
diagnoses,B30.200,B30.200+H13.1*
diagnoses,B33.300,B33.300x001
diagnoses,B33.400+J17.1*,B33.400x001+J17.1*
diagnoses,B33.800x001,B33.801
diagnoses,B34.900x002,B34.900
diagnoses,B35.401,B35.400
diagnoses,B35.900x002,B36.901
diagnoses,B36.001,B36.000x003
diagnoses,B36.100x001,B36.100
diagnoses,B36.100x002,B36.100
diagnoses,B36.100x003,B36.100
diagnoses,B36.100x004,B36.100
diagnoses,B37.200x002,B37.205
diagnoses,B37.300x004+N77.1*,B37.301+N77.1*
diagnoses,B37.300x011+N77.1*,B37.300x002+N77.1*
diagnoses,B37.600I39.8,B37.600+I39.8*
diagnoses,B37.700,B37.700x001
diagnoses,B44.000,B44.000x001+J99.8*
diagnoses,B44.100x004+J99.8*,B44.102+J17.2*
diagnoses,B44.200,B44.200x001+J99.8*
diagnoses,B44.800x010,B44.804
diagnoses,B44.804,B44.800x001
diagnoses,B44.900,B44.900x001
diagnoses,B46.000,B46.000x001+J99.8*
diagnoses,B46.100,B46.100x001+G99.8*
diagnoses,B46.200,B46.200x001+K93.8*
diagnoses,B46.300,B46.300x001+L99.8*
diagnoses,B49.x00x001,B49.x14+J99.8*
diagnoses,B49.x00x006,B49.x09
diagnoses,B49.x00x019,B49.x00x007
diagnoses,B49.x00x020,B49.x14+J99.8*
diagnoses,B49.x00x027,B49.x19+M01.6*
diagnoses,B50.800x001,B50.801
diagnoses,B50.900,B50.900x001
diagnoses,B52.000x001,B52.000
diagnoses,B52.900,B52.900x001
diagnoses,B53.000,B53.000x001
diagnoses,B53.800,B53.800x001
diagnoses,B54.x00x007,O98.600x001
diagnoses,B55.200x002,B55.200
diagnoses,B56.900,B56.900x001
diagnoses,B57.200x002+I41.2*,B57.202+I41.2*
diagnoses,B57.400x011,B57.401+F02.8*
diagnoses,B58.900,B58.900x001
diagnoses,B59.x00+J17.3*,B48.500+J17.2*
diagnoses,B59.x00x002+J17.3*,B48.501+J17.2*
diagnoses,B60.000x002,B60.000x001
diagnoses,B60.100x004+H16.9*,B60.100x004+H19.2*
diagnoses,B65.000x002,B65.002+N22.0*
diagnoses,B65.900x009+I98.3*,B65.906+I98.3*
diagnoses,B66.100x002,B66.101
diagnoses,B66.100x003+K77.0*,B66.100x001+K77.0*
diagnoses,B66.301+K77.0*,B66.301
diagnoses,B67.000,B67.000x001+K77.0*
diagnoses,B67.100,B67.100x001+J99.8*
diagnoses,B67.200,B67.200x001+M90.2*
diagnoses,B67.400,B67.400x001
diagnoses,B67.800,B67.800x001+K77.0*
diagnoses,B69.900x002,B69.900x001
diagnoses,B77.000x001,B77.000x001+K93.8*
diagnoses,B78.100,B78.100x001+L99.8*
diagnoses,B87.000,B87.000x001+L99.8*
diagnoses,B87.100x001,B87.100
diagnoses,B87.200,B87.200x001+H58.8*
diagnoses,B87.400,B87.400x001+H94.8*
diagnoses,B88.000x001,B88.001+L99.8*
diagnoses,C00.300x004,C00.302
diagnoses,C00.300x005,C00.301
diagnoses,C00.400x002,C00.401
diagnoses,C02.300x011,C02.300
diagnoses,C06.800x001,C06.800
diagnoses,C06.800x002,C06.800
diagnoses,C06.900x001,C06.900
diagnoses,C06.900x002,C06.901
diagnoses,C08.001,C08.000
diagnoses,C08.900x002,C08.900
diagnoses,C13.000x001,C13.000
diagnoses,C13.900x002,C13.900
diagnoses,C14.000x002,C14.000
diagnoses,C14.800x011,C14.800
diagnoses,C14.800x012,C14.800
diagnoses,C15.100x011,C15.100
diagnoses,C15.200x001,C15.200
diagnoses,C17.800x001,C17.801
diagnoses,C19.x00x001,C19.x00
diagnoses,C21.800x002,C21.802
diagnoses,C22.101M81600/3,C22.101
diagnoses,C22.300x001,C22.301
diagnoses,C24.000x006,C24.001
diagnoses,C24.100x001,C24.101
diagnoses,C25.400x001,C25.400
diagnoses,C25.900x001,C25.900
diagnoses,C26.000x001,C26.000
diagnoses,C26.900x002,C26.900
diagnoses,C34.200x001,C34.201
diagnoses,C34.800x001,C34.801
diagnoses,C34.800x002,C34.802
diagnoses,C34.800x003,C34.803
diagnoses,C39.000x001,C39.000
diagnoses,C40.000x001,C40.000
diagnoses,C40.100x005,C40.102
diagnoses,C40.900x001,C40.901
diagnoses,C43.600x001,C43.600
diagnoses,C43.600x003,C43.600
diagnoses,C43.700x002,C43.700x001
diagnoses,C43.900x001,C43.900
diagnoses,C43.900x002,C43.901
diagnoses,C44.000x001,C44.000
diagnoses,C44.300x011,C44.306
diagnoses,C44.500x005,C44.502
diagnoses,C44.500x006,C44.501
diagnoses,C44.600x001,C44.600
diagnoses,C44.600x003,C44.606
diagnoses,C44.700x001,C44.700
diagnoses,C45.700x004,C45.700
diagnoses,C46.900x001,C46.900
diagnoses,C47.100x002,C47.101
diagnoses,C47.100x003,C47.102
diagnoses,C47.200x002,C47.201
diagnoses,C47.200x003,C47.202
diagnoses,C47.300x001,C47.300
diagnoses,C47.400x001,C47.400
diagnoses,C47.500x003,C47.501
diagnoses,C47.500x011,C47.500
diagnoses,C47.600x001,C47.600
diagnoses,C47.600x004,C47.600x003
diagnoses,C48.000x001,C48.000
diagnoses,C49.000x002,C49.002
diagnoses,C49.000x003,C49.001
diagnoses,C49.300x005,C49.300x003
diagnoses,C49.400x001,C49.400
diagnoses,C49.500x004,C49.500
diagnoses,C49.600x001,C49.600
diagnoses,C50.100x001,C50.100
diagnoses,C50.200x001,C50.200
diagnoses,C50.300x001,C50.300
diagnoses,C50.400x001,C50.400
diagnoses,C50.500x001,C50.500
diagnoses,C50.600x001,C50.600
diagnoses,C50.800x001,C50.801
diagnoses,C50.800x002,C50.802
diagnoses,C50.800x003,C50.804
diagnoses,C50.800x004,C50.803
diagnoses,C50.900x004,C50.900
diagnoses,C50.900x011,C50.900
diagnoses,C53.000x001,C53.000
diagnoses,C53.900x001,C53.900
diagnoses,C62.000x002,C62.000
diagnoses,C69.400x003,C69.900x001
diagnoses,C69.402,C69.901
diagnoses,C71.000x001,C71.000
diagnoses,C71.700x002,C71.704
diagnoses,C71.900x011,C71.900x005
diagnoses,C72.000x003,C72.001
diagnoses,C72.000x004,C72.003
diagnoses,C72.000x005,C72.004
diagnoses,C72.500x001,C72.504
diagnoses,C72.511,C72.500
diagnoses,C76.000x008,C05.900
diagnoses,C76.000x009,C71.900x009
diagnoses,C76.000x010,C71.900x010
diagnoses,C76.000x021,C76.003
diagnoses,C76.100x011,C76.101
diagnoses,C77.100x006,C77.107
diagnoses,C77.100x007,C77.100
diagnoses,C77.200x003,C77.200
diagnoses,C77.200x004,C77.203
diagnoses,C77.200x005,C77.202
diagnoses,C77.200x011,C77.200
diagnoses,C77.300x005,C77.300
diagnoses,C77.500x011,C77.500
diagnoses,C77.800x011,C77.800
diagnoses,C78.000x011,C78.000
diagnoses,C78.200x002,C79.807
diagnoses,C78.600x007,C78.605
diagnoses,C78.700x011,C78.700
diagnoses,C78.800x001,C78.803
diagnoses,C79.300x005,C79.300
diagnoses,C79.400x001,C79.406
diagnoses,C79.800x873,C79.802
diagnoses,C80.x00,C80.000
diagnoses,C80.x00x001,C79.900x001
diagnoses,C80.x00x004,C80.000x001
diagnoses,C80.x00x005,C80.900
diagnoses,C80.x00x007+G13.1*,C80.000x002+G13.1*
diagnoses,C80.x00x008+G13.1*,C80.000x003+G13.1*
diagnoses,C80.x00x011+G73.1*,C80.004+G73.1*
diagnoses,C80.x01,C80.001
diagnoses,C80.x02+G63.1*,C80.002+G63.1*
diagnoses,C80.x03,C79.900x001
diagnoses,C81.000x001,C81.000
diagnoses,C81.000x004,C81.000
diagnoses,C81.001M96590/3,C81.000
diagnoses,C81.100x001,C81.100
diagnoses,C81.200x002,C81.200
diagnoses,C81.300x002,C81.300
diagnoses,C81.900x001,C81.900
diagnoses,C81.900x004,C81.700
diagnoses,C82.000x002,C82.000
diagnoses,C82.001,C82.000
diagnoses,C82.100x002,C82.100
diagnoses,C82.101,C82.100
diagnoses,C82.200x002,C82.200
diagnoses,C82.201,C82.200
diagnoses,C82.700x002,C82.600
diagnoses,C82.700x003,C88.401
diagnoses,C82.700x004,C83.002
diagnoses,C82.902,C82.900
diagnoses,C83.001,C83.000
diagnoses,C83.002,C83.000
diagnoses,C83.100,C83.900
diagnoses,C83.200,C83.900
diagnoses,C83.300x003,C85.700
diagnoses,C83.300x004,C85.700
diagnoses,C83.301,C85.700
diagnoses,C83.302,C83.300
diagnoses,C83.303,C83.300
diagnoses,C83.304,C83.306
diagnoses,C83.305,C83.301
diagnoses,C83.306,C83.300
diagnoses,C83.307,C85.200
diagnoses,C83.308,C83.802
diagnoses,C83.309,C85.200
diagnoses,C83.310,C83.306
diagnoses,C83.311,C83.304
diagnoses,C83.400,C83.304
diagnoses,C83.401,C83.304
diagnoses,C83.402,C83.303
diagnoses,C83.600,C83.900
diagnoses,C83.701,C83.700
diagnoses,C83.800x001,C83.801
diagnoses,C83.800x002,C83.100
diagnoses,C83.800x004,C83.003
diagnoses,C83.801,C83.800x008
diagnoses,C83.803,C83.101
diagnoses,C83.804,C83.102
diagnoses,C83.805,C83.801
diagnoses,C83.806,C82.500
diagnoses,C83.809,C82.500
diagnoses,C83.810,C83.003
diagnoses,C83.811,C83.801
diagnoses,C83.812M96730/3,C83.100
diagnoses,C84.000M97000/3,C84.000
diagnoses,C84.100x001,C84.100
diagnoses,C84.200,C84.901
diagnoses,C84.300,C84.407
diagnoses,C84.301,C84.406
diagnoses,C84.400x001,C84.400
diagnoses,C84.500,C84.901
diagnoses,C84.500x008,C86.600
diagnoses,C84.500x009,C96.704
diagnoses,C84.500x010,C84.502
diagnoses,C84.500x014,C96.704
diagnoses,C84.500x015,C96.705
diagnoses,C84.500x017,C84.502
diagnoses,C84.500x018,C84.502
diagnoses,C84.501,C86.300
diagnoses,C84.503,C84.502
diagnoses,C84.504,C84.800
diagnoses,C84.505,C86.200
diagnoses,C84.506,C84.500
diagnoses,C85.000,C85.900
diagnoses,C85.100x001,C85.100
diagnoses,C85.100x015,C85.200
diagnoses,C85.100x019,C85.100
diagnoses,C85.100x020,C85.100
diagnoses,C85.100x022,C85.100x021
diagnoses,C85.100x023,C85.100x021
diagnoses,C85.100x024,C85.200
diagnoses,C85.100x031,C85.100
diagnoses,C85.100x032,C85.100x021
diagnoses,C85.700x005,C86.000
diagnoses,C85.700x010,C86.603
diagnoses,C85.700x015,C84.700
diagnoses,C85.702,C85.900
diagnoses,C85.703,C85.900
diagnoses,C85.706,C85.900
diagnoses,C85.707M97190/3,C85.707
diagnoses,C85.710M97160/3,C86.100
diagnoses,C85.713,C83.002
diagnoses,C85.716,C83.002
diagnoses,C85.717,C88.400
diagnoses,C85.718,C88.401
diagnoses,C85.719,C88.402
diagnoses,C85.720,C88.403
diagnoses,C85.721,C84.600
diagnoses,C85.722,C86.600
diagnoses,C85.723,C86.200
diagnoses,C85.724,C85.707
diagnoses,C85.902,C86.602
diagnoses,C88.000x001,C88.000
diagnoses,C88.100M97620/3,C88.302
diagnoses,C88.100x011,C88.302
diagnoses,C88.100x012,C88.302
diagnoses,C88.200M97630/3,C88.202
diagnoses,C88.200x021,C88.203
diagnoses,C90.000x002,C90.002
diagnoses,C90.000x003+N16.1*,C90.004+N16.1*
diagnoses,C90.000x007+N08.1*,C90.005+N08.1*
diagnoses,C90.000x013+N16.1*,C90.004+N16.1*
diagnoses,C90.003,C90.303
diagnoses,C90.101M98310/1,C91.704
diagnoses,C90.200x005,C90.303
diagnoses,C90.200x007,C90.002
diagnoses,C90.200x011,C90.300x001
diagnoses,C90.200x014,C90.300x004
diagnoses,C90.200x015,C90.300x004
diagnoses,C90.200x016,C90.300x002
diagnoses,C90.200x021,C90.200
diagnoses,C90.201,C90.302
diagnoses,C90.202,C90.303
diagnoses,C90.203,C90.300x003
diagnoses,C90.204,C90.303
diagnoses,C90.205,C84.600
diagnoses,C90.206,C83.800x009
diagnoses,C91.000x021,C91.006
diagnoses,C91.000x022,C91.007
diagnoses,C91.000x023,C91.008
diagnoses,C91.005,C91.800
diagnoses,C91.100x021,C91.100
diagnoses,C91.100x022,C91.101
diagnoses,C91.100x023,C91.100
diagnoses,C91.101,C91.100x012
diagnoses,C91.200,C91.901
diagnoses,C91.300x011,C91.300
diagnoses,C91.301,C91.300
diagnoses,C91.302,C91.600
diagnoses,C91.303,C91.000x006
diagnoses,C91.304,C91.000x006
diagnoses,C91.305,C91.000x007
diagnoses,C91.306M98341/3,C91.000x007
diagnoses,C91.400x003,C91.400
diagnoses,C91.500x001,C91.500
diagnoses,C91.500x003,C91.500
diagnoses,C91.702,C91.704
diagnoses,C91.703,C94.703
diagnoses,C91.900x001,C91.102
diagnoses,C92.000x001,C92.005
diagnoses,C92.000x002,C92.006
diagnoses,C92.000x004,C92.000
diagnoses,C92.000x014,C92.000x017
diagnoses,C92.000x015,C92.000x014
diagnoses,C92.000x016,C92.001
diagnoses,C92.000x017,C92.003
diagnoses,C92.000x018,C92.004
diagnoses,C92.000x019,C92.007
diagnoses,C92.001,C92.000x014
diagnoses,C92.002,C92.000x015
diagnoses,C92.003,C92.002
diagnoses,C92.004,C92.000x016
diagnoses,C92.005,C92.000x017
diagnoses,C92.006,C92.000x018
diagnoses,C92.100,C92.100x001
diagnoses,C92.100x006,C92.100x001
diagnoses,C92.100x007,C92.101
diagnoses,C92.100x008,C92.102
diagnoses,C92.100x009,C92.103
diagnoses,C92.101,C92.100x017
diagnoses,C92.102,C92.100x018
diagnoses,C92.103,C92.100x019
diagnoses,C92.104,C92.200
diagnoses,C92.105,D47.101
diagnoses,C92.200,C92.201
diagnoses,C92.400x001,C92.402
diagnoses,C92.400x021,C92.403
diagnoses,C92.500x001,C92.501
diagnoses,C92.500x021,C92.502
diagnoses,C92.500x022,C92.600
diagnoses,C92.500x023,C92.601
diagnoses,C92.700x004,C92.706
diagnoses,C92.700x014,C92.700x013
diagnoses,C92.702,C93.101
diagnoses,C92.704,C93.300
diagnoses,C93.000x001,C93.003
diagnoses,C93.000x021,C93.001
diagnoses,C93.000x022,C93.002
diagnoses,C93.100,C93.101
diagnoses,C93.100x211,C93.102
diagnoses,C93.100x212,C93.103
diagnoses,C93.101,C93.100x012
diagnoses,C93.200,C93.700
diagnoses,C94.000,C94.001
diagnoses,C94.000x003,D45.x00
diagnoses,C94.000x007,D45.x00
diagnoses,C94.000x013,D45.x00
diagnoses,C94.000x017,D45.x00
diagnoses,C94.000x021,C94.004
diagnoses,C94.002,D45.x00
diagnoses,C94.003,D45.x00
diagnoses,C94.100,D45.x00
diagnoses,C94.100x013,D45.x00
diagnoses,C94.101,D45.x00
diagnoses,C94.200x001,C94.202
diagnoses,C94.200x002,C94.200
diagnoses,C94.200x012,C94.200x011
diagnoses,C94.500,C94.400x001
diagnoses,C94.700x001,D47.101
diagnoses,C94.700x002,C93.101
diagnoses,C94.700x003,C93.300
diagnoses,C94.700x011,D47.100x019
diagnoses,C94.700x012,C93.100x013
diagnoses,C94.700x013,C93.300x001
diagnoses,C94.701,C94.700
diagnoses,C95.000x005,C95.004
diagnoses,C95.000x006,C95.005
diagnoses,C95.000x007,C95.006
diagnoses,C95.001,C95.002
diagnoses,C95.200,C95.900
diagnoses,C96.000x005,C96.900
diagnoses,C96.000x006,C96.004
diagnoses,C96.001,C96.002
diagnoses,C96.003,C96.900
diagnoses,C96.100,C96.801
diagnoses,C96.101,C96.402
diagnoses,C96.200x004,C96.200
diagnoses,C96.201,C96.200
diagnoses,C96.300,C96.800
diagnoses,C96.700x001,C96.401
diagnoses,C96.700x002,C96.400x001
diagnoses,C96.700x004,C96.400
diagnoses,C96.700x006,C96.400x004
diagnoses,C96.700x007,C96.400x002
diagnoses,C96.701M97271/3,C96.400x003
diagnoses,C96.702,C83.501
diagnoses,C96.703,C83.505
diagnoses,C96.707,C83.503
diagnoses,C97.x00x001,C97.x00
diagnoses,D00.000x014,D00.011
diagnoses,D01.100x001,D01.100
diagnoses,D01.500x004,D01.503
diagnoses,D02.300x001,D02.302
diagnoses,D02.400x001,D02.400
diagnoses,D03.500x004,D03.504
diagnoses,D03.500x005,D03.501
diagnoses,D03.500x006,D03.501
diagnoses,D03.600x001,D03.600
diagnoses,D05.100x001,D05.100
diagnoses,D05.900x001,D05.900
diagnoses,D06.000x001,D06.000
diagnoses,D06.900x011,D06.900
diagnoses,D10.300x006,D10.306
diagnoses,D10.304,D10.303
diagnoses,D10.500x003,D10.503
diagnoses,D10.500x011,D10.500
diagnoses,D10.500x012,D10.500
diagnoses,D10.500x013,D10.500
diagnoses,D10.500x014,D10.500
diagnoses,D11.900x002,D11.900
diagnoses,D12.700x001,D12.700
diagnoses,D13.500x002,D13.501
diagnoses,D13.600x001,D13.600
diagnoses,D14.000x001,D14.001
diagnoses,D14.000x003,D14.000x010
diagnoses,D16.400x024,D16.409
diagnoses,D17.000x001,D17.001
diagnoses,D17.600x002,D17.700x033
diagnoses,D17.600x003,D17.700x034
diagnoses,D19.000x001,D19.000
diagnoses,D19.100x001,D19.100
diagnoses,D20.000x001,D20.000
diagnoses,D21.000x003,D21.004
diagnoses,D21.000x005,D21.002
diagnoses,D21.100x011,D21.102
diagnoses,D21.200x011,D21.202
diagnoses,D21.200x012,D21.200x006
diagnoses,D21.200x013,D21.202
diagnoses,D21.300x003,D21.302
diagnoses,D22.000x001,D22.000
diagnoses,D22.100x002,D22.100
diagnoses,D22.100x003,D31.000x002
diagnoses,D22.200x001,D22.201
diagnoses,D22.500x001,D22.500
diagnoses,D22.500x002,D22.503
diagnoses,D22.500x004,D22.507
diagnoses,D22.500x005,D28.000x001
diagnoses,D22.500x007,D22.502
diagnoses,D22.600x001,D22.600
diagnoses,D22.700x001,D22.700
diagnoses,D22.900x001,D22.900
diagnoses,D23.300x011,D23.302
diagnoses,D23.400x011,D23.301
diagnoses,D23.500x002,D23.504
diagnoses,D23.500x007,D23.505
diagnoses,D24.x00x001,D24.x00
diagnoses,D24.x01M85060/0,D24.x01
diagnoses,D25.000x001,D25.000
diagnoses,D25.200x001,D25.200
diagnoses,D26.000x001,D26.000
diagnoses,D30.200x002,D30.302
diagnoses,D30.400x002,D30.301
diagnoses,D30.900x001,D30.900
diagnoses,D31.401,D31.901
diagnoses,D31.600x003,D31.600
diagnoses,D32.000x001,D32.014
diagnoses,D32.000x016,D32.010
diagnoses,D32.000x029,D32.002
diagnoses,D32.000x037,D32.020
diagnoses,D33.200x002,D33.200
diagnoses,D33.300x009,D33.306
diagnoses,D36.700x049,D36.718
diagnoses,D43.400x003,D48.700x026
diagnoses,D43.400x005,D48.700x027
diagnoses,D46.000x001,D46.000
diagnoses,D46.100x001,D46.100
diagnoses,D46.101,D46.100
diagnoses,D46.201,D46.200
diagnoses,D46.202,D46.500
diagnoses,D46.300,D46.200
diagnoses,D46.300x001,C92.009
diagnoses,D46.301,D46.200
diagnoses,D46.400x001,D46.400
diagnoses,D46.700x004,D46.500
diagnoses,D46.701,D46.600
diagnoses,D46.902,D46.700x007
diagnoses,D47.100x003,D47.100
diagnoses,D47.100x006,D47.401
diagnoses,D47.101,D47.402
diagnoses,D47.102,D47.402
diagnoses,D47.103,D47.403
diagnoses,D47.200M97650/1,D47.200
diagnoses,D47.200x001,D47.200
diagnoses,D47.200x002,D47.200
diagnoses,D47.300x002,D47.300
diagnoses,D47.700x001,C83.803
diagnoses,D47.700x004,C96.604
diagnoses,D47.700x008,C96.601
diagnoses,D47.700x009,C96.501
diagnoses,D48.000x002,D48.002
diagnoses,D48.000x006,D48.012
diagnoses,D48.000x010,D48.018
diagnoses,D48.000x018,D48.020
diagnoses,D48.000x024,D48.014
diagnoses,D48.000x025,D48.016
diagnoses,D48.000x027,D48.022
diagnoses,D48.100x010,D48.131
diagnoses,D48.100x011,D48.125
diagnoses,D48.100x012,D48.133
diagnoses,D48.100x013,D48.101
diagnoses,D48.100x014,D48.103
diagnoses,D48.100x015,D48.107
diagnoses,D48.100x016,D48.115
diagnoses,D48.100x017,D48.117
diagnoses,D48.100x019,D48.121
diagnoses,D48.100x022,D48.119
diagnoses,D48.200x021,D48.215
diagnoses,D48.200x050,D48.207
diagnoses,D48.400x001,D48.402
diagnoses,D48.700x002,D48.717
diagnoses,D48.700x003,D48.721
diagnoses,D48.700x009,D48.713
diagnoses,D48.700x011,D48.707
diagnoses,D48.700x017,D48.719
diagnoses,D48.700x018,D48.711
diagnoses,D48.700x020,D48.703
diagnoses,D48.700x024,D48.711
diagnoses,D48.700x026,D48.701
diagnoses,D48.700x036,D48.721
diagnoses,D48.900x008+G13.0*,D48.907+G13.0*
diagnoses,D48.900x013,D48.900x013+M63.8*
diagnoses,D48.900x024,D48.900
diagnoses,D50.100x001,D50.101
diagnoses,D50.100x002,D50.102
diagnoses,D50.800x001,D50.801
diagnoses,D51.000x002,D51.000
diagnoses,D51.100x001,D51.102
diagnoses,D51.300x001,D51.301
diagnoses,D52.000x011,D52.001
diagnoses,D52.100x001,D52.100
diagnoses,D53.100x001,D53.100
diagnoses,D53.100x011,D53.100
diagnoses,D53.900x002,D53.900
diagnoses,D55.000x002,D55.000
diagnoses,D55.100x011,D55.101
diagnoses,D55.200x001,D55.202
diagnoses,D55.200x002,D55.201
diagnoses,D56.400x001,D56.400
diagnoses,D56.902,D56.900
diagnoses,D57.100x001,D57.100
diagnoses,D57.100x002,D57.100
diagnoses,D57.200x002,D57.203
diagnoses,D57.200x003,D57.202
diagnoses,D57.200x004,D57.201
diagnoses,D57.300x001,D57.301
diagnoses,D58.000x004,D58.002
diagnoses,D58.100x005,D58.100x004
diagnoses,D58.100x006,D58.101
diagnoses,D59.300x002,D59.301
diagnoses,D59.600x001,D59.602
diagnoses,D61.000x005,D61.004
diagnoses,D61.900x004,D61.908
diagnoses,D62.x00x001,D62.x00
diagnoses,D62.x00x002,D62.x00
diagnoses,D64.100x001,D64.100
diagnoses,D64.200x001,D64.200
diagnoses,D64.200x002,D64.200
diagnoses,D64.300x001,D64.300
diagnoses,D64.800x001,D64.801
diagnoses,D64.900x005,N18.900x012+D63.8*
diagnoses,D68.208,D66.x02
diagnoses,D68.400x003,D68.402
diagnoses,D68.600x002,D68.603
diagnoses,D68.600x011,D68.604
diagnoses,D68.600x012,D68.605
diagnoses,D68.900x007,D68.902
diagnoses,D69.000x006+N08.2*,D69.005+N08.2*
diagnoses,D69.000x009,D69.010
diagnoses,D69.000x021,D69.009
diagnoses,D69.000x022,D69.002
diagnoses,D69.000x023,D69.001
diagnoses,D69.000x024,D69.006
diagnoses,D69.100x006,D69.101
diagnoses,D69.100x007,D69.101
diagnoses,D69.400x011,D69.401
diagnoses,D69.400x012,D69.407
diagnoses,D69.500x011,D69.502
diagnoses,D69.600x001,D69.504
diagnoses,D69.800x001,D69.801
diagnoses,D70.x00x011,D70.x07
diagnoses,D72.000x001,D72.000
diagnoses,D72.100x003,D72.100
diagnoses,D72.100x011,D72.101
diagnoses,D72.100x012,D72.104
diagnoses,D72.800x002,D72.807
diagnoses,D72.800x004,D72.801
diagnoses,D72.800x005,D72.803
diagnoses,D72.800x007,D72.806
diagnoses,D72.800x011,D72.802
diagnoses,D73.000x004,D73.002
diagnoses,D73.800x008,D73.804
diagnoses,D75.100x004,D75.107
diagnoses,D75.100x005,D75.108
diagnoses,D75.100x006,D75.103
diagnoses,D75.100x008,D75.109
diagnoses,D75.100x009,D75.110
diagnoses,D75.100x010,D75.111
diagnoses,D75.100x021,D47.300
diagnoses,D75.200,D47.300
diagnoses,D75.201,D47.300
diagnoses,D75.800x001,D75.806
diagnoses,D75.800x006,D75.809
diagnoses,D75.800x008,D61.202
diagnoses,D76.000,C96.604
diagnoses,D76.000x001,C96.601
diagnoses,D76.000x002,C96.601
diagnoses,D76.000x003,C96.601
diagnoses,D76.000x004,C96.601
diagnoses,D76.000x005,C96.601
diagnoses,D76.000x006,C96.601
diagnoses,D76.000x007,C96.601
diagnoses,D76.001,C96.600
diagnoses,D76.002,C96.500
diagnoses,D76.003,C96.500
diagnoses,D76.005,C96.604
diagnoses,D76.006,C96.601
diagnoses,D76.007,C96.601
diagnoses,D76.008,C96.601
diagnoses,D76.200x001,D76.200
diagnoses,D76.200x011,D76.200
diagnoses,D76.300x001,D76.301
diagnoses,D76.300x002,D76.301
diagnoses,D76.300x003,D76.301
diagnoses,D76.300x004,D76.303
diagnoses,D76.300x005,D76.304
diagnoses,D80.000x002,D80.001
diagnoses,D80.000x011,D80.002
diagnoses,D80.100x011,D80.101
diagnoses,D80.200x002,D80.200x001
diagnoses,D80.300x001,D80.300
diagnoses,D80.400x001,D80.400
diagnoses,D80.500x001,D80.500
diagnoses,D80.700x001,D80.700
diagnoses,D81.000x001,D81.000
diagnoses,D81.100x001,D81.100
diagnoses,D81.200x001,D81.200
diagnoses,D81.300x001,D81.300
diagnoses,D81.400x001,D81.400
diagnoses,D81.500x001,D81.500
diagnoses,D81.600x002,D81.601
diagnoses,D81.800x001,D81.802
diagnoses,D81.800x002,D81.803
diagnoses,D81.900x002,D81.900
diagnoses,D82.000x001,D82.000
diagnoses,D82.100x001,D82.100
diagnoses,D82.200x001,D82.200
diagnoses,D82.300x001,D82.301
diagnoses,D82.400x001,D82.400
diagnoses,D83.000x001,D83.000
diagnoses,D83.100x001,D83.100
diagnoses,D83.200x001,D83.200
diagnoses,D83.900x001,D83.900
diagnoses,D84.000x001,D84.000
diagnoses,D84.100x003,D84.102
diagnoses,D84.100x011,D84.103
diagnoses,D86.800x004+M63.3*,D86.803+M63.3*
diagnoses,D89.000x001,D89.000
diagnoses,D89.200x001,D89.200
diagnoses,D89.800x011,D89.800
diagnoses,D89.802,D21.900x015
diagnoses,E00.000x001,E00.000
diagnoses,E00.100x001,E00.100
diagnoses,E00.200x001,E00.200
diagnoses,E00.900x001,E00.901
diagnoses,E01.000x001,E01.000
diagnoses,E01.100x001,E01.100
diagnoses,E01.200x002,E01.200
diagnoses,E01.800x011,E01.802+F02.8*
diagnoses,E02.x00x001,E02.x00
diagnoses,E03.000x003,E03.000
diagnoses,E03.100x003,E03.100
diagnoses,E03.200x011,E03.201
diagnoses,E03.200x012,E03.202
diagnoses,E03.800x001,E03.801
diagnoses,E03.800x002,E03.802
diagnoses,E03.900x002,E03.901
diagnoses,E05.000x001,E05.001
diagnoses,E05.000x002+H06.2*,E05.002+H06.2*
diagnoses,E05.200x002,E05.202
diagnoses,E05.300x001,E05.300
diagnoses,E05.800x011,E05.801
diagnoses,E05.800x012,E05.802
diagnoses,E05.800x013,E05.804
diagnoses,E05.800x014,E05.805
diagnoses,E05.900x003+G73.5*,E05.904+G73.5*
diagnoses,E05.900x010+K77.8*,K76.800x009
diagnoses,E05.900x021,E05.902+H58.8*
diagnoses,E06.500,E06.502
diagnoses,E06.500x011,E06.501
diagnoses,E06.900x001,E06.100x001
diagnoses,E07.800x021,E06.300x001
diagnoses,E07.800x022,E07.806
diagnoses,E10.000x004,E10.003
diagnoses,E10.400x312+G99.0*,E10.402+G99.0*
diagnoses,E10.500x031+I43.8*,E10.502+I79.2*
diagnoses,E10.500x050,E10.503
diagnoses,E10.500x061+I79.2*,E10.501+I79.2*
diagnoses,E10.500x062,E10.500x048
diagnoses,E10.500x063,E10.500x049
diagnoses,E10.600x016+M14.2*,E10.601+M14.2*
diagnoses,E10.700x033,E10.700
diagnoses,E10.900x002,E10.901
diagnoses,E11.000x011,E11.000x001
diagnoses,E11.000x012,E11.002
diagnoses,E11.000x013,E11.003
diagnoses,E11.100x011,E11.102
diagnoses,E11.400x312+G99.0*,E11.402+G99.0*
diagnoses,E11.400x910+G63.2*,E11.400
diagnoses,E11.500x031+I43.8*,E11.502+I79.2*
diagnoses,E11.500x050,E11.503
diagnoses,E11.500x061+I79.2*,E11.501+I79.2*
diagnoses,E11.500x062,E11.500x048
diagnoses,E11.500x063,E11.500x049
diagnoses,E11.600x016+M14.2*,E11.601+M14.2*
diagnoses,E14.100x011,E14.100
diagnoses,E14.200x210+N08.3*,E14.200x021+N08.3*
diagnoses,E14.300x092+H28.0*,Q99.802
diagnoses,E14.400x910+G63.2*,E14.400
diagnoses,E14.500x061,E14.500x048
diagnoses,E14.500x062,E14.500x049
diagnoses,E14.700x033,E14.700
diagnoses,E16.100x003+G94.8*,E16.107+G94.8*
diagnoses,E16.100x007,E16.112
diagnoses,E16.100x021,E16.110
diagnoses,E16.100x022,E16.111+G94.3*
diagnoses,E16.200x001,E16.200
diagnoses,E16.400x002,E16.402
diagnoses,E16.800x041,E16.804
diagnoses,E20.000x001,E20.000
diagnoses,E20.000x003,E20.000
diagnoses,E20.000x012,E20.000
diagnoses,E20.100x002,E20.100
diagnoses,E20.800x001,E20.801
diagnoses,E20.800x002,E20.802
diagnoses,E20.900x001,E20.900
diagnoses,E20.900x003+H28.1*,E20.902+H28.1*
diagnoses,E21.000x005,E21.000
diagnoses,E21.300x001,E21.300
diagnoses,E22.100x001,E22.100
diagnoses,E22.200x001,E22.200
diagnoses,E23.000x002,E23.001
diagnoses,E23.000x004,E23.004
diagnoses,E23.000x006,E23.000
diagnoses,E23.000x010,E23.005
diagnoses,E23.000x021,E23.010
diagnoses,E23.000x022,E23.000x011
diagnoses,E23.600x017,E23.618
diagnoses,E23.600x019,E23.608
diagnoses,E23.600x021,E23.608
diagnoses,E23.600x022,E23.619
diagnoses,E23.609,Q87.800x911
diagnoses,E24.000x003,E24.001
diagnoses,E24.000x011,E24.001
diagnoses,E24.200x003,E24.200
diagnoses,E24.900x001,E24.900
diagnoses,E24.900x003,E24.900
diagnoses,E25.000x011,E25.001
diagnoses,E25.000x012,E25.002
diagnoses,E25.000x013,E25.003
diagnoses,E25.000x014,E25.003
diagnoses,E25.000x015,E25.005
diagnoses,E26.000x001,I15.101
diagnoses,E26.000x002,E26.000
diagnoses,E26.100x001,E26.100
diagnoses,E26.800x011,E26.802
diagnoses,E26.800x012,E26.803
diagnoses,E26.900x001,E26.900
diagnoses,E27.100x011,E27.101
diagnoses,E27.200x002,E27.200x003
diagnoses,E27.202,E27.200x003
diagnoses,E27.300x001,E27.300
diagnoses,E27.400x008,E27.403
diagnoses,E27.400x011,E27.400x006
diagnoses,E28.000x001,E28.000
diagnoses,E28.100x001,E28.100
diagnoses,E28.200x001,E28.200
diagnoses,E28.300x003,E28.303
diagnoses,E29.100x001,E29.105
diagnoses,E30.100x003,E30.102
diagnoses,E30.100x004,E30.101
diagnoses,E30.800x001,E30.801
diagnoses,E34.100x001,E34.100
diagnoses,E34.200x001,E34.200
diagnoses,E34.300x004,E34.303
diagnoses,E34.300x005,E34.305
diagnoses,E34.300x011,E34.305
diagnoses,E34.300x012,E34.301
diagnoses,E34.400x001,E34.400
diagnoses,E34.900x002,E34.903
diagnoses,E40.x00x001,E40.x00
diagnoses,E42.x00x001,E42.x00
diagnoses,E43.x00x003,E43.x00
diagnoses,E44.000x001,E44.000
diagnoses,E44.000x002,E44.000
diagnoses,E44.100x001,E44.100
diagnoses,E44.100x002,E44.100
diagnoses,E45.x00x001,E45.x00
diagnoses,E45.x00x002,E45.x00
diagnoses,E50.000x001,E50.000x001+H13.8*
diagnoses,E50.100x002,E50.100x002+H13.8*
diagnoses,E50.200x001,E50.200x001+H19.8*
diagnoses,E50.300x001,E50.300x001+H19.8*
diagnoses,E50.400x001,E50.400x001+H19.8*
diagnoses,E50.500x001,E50.500x001+H58.1*
diagnoses,E50.600x001,E50.600x001+H19.8*
diagnoses,E50.700x001+H19.8*,E50.701+H19.8*
diagnoses,E50.800x011+L86*,E50.801+L86*
diagnoses,E50.900x001,E50.900
diagnoses,E51.200,E51.200+G32.8*
diagnoses,E51.200x001,E51.200+G32.8*
diagnoses,E52.x00x001,E52.x00
diagnoses,E53.800x004+G32.0*,E53.801+G32.0*
diagnoses,E53.800x021,E53.804
diagnoses,E53.800x022,E53.802
diagnoses,E53.800x023,E53.805+F02.8*
diagnoses,E53.900x001,E53.901
diagnoses,E53.900x003,E53.900
diagnoses,E53.900x011,E53.901
diagnoses,E53.900x012,E53.900
diagnoses,E54.x00x001,E54.x00
diagnoses,E54.x00x002,E54.x00
diagnoses,E55.000x001,E55.001
diagnoses,E55.900x001,E55.900
diagnoses,E56.000x001,E56.000
diagnoses,E56.000x002,E56.000
diagnoses,E56.100x001,E56.100
diagnoses,E56.900x001,E56.900
diagnoses,E59.x00x002,E59.x00
diagnoses,E60.x00x001,E60.x00
diagnoses,E60.x00x002,E60.x00
diagnoses,E61.000x002,E61.000
diagnoses,E61.700x001,E61.700
diagnoses,E61.900x002,E61.900
diagnoses,E63.000x001,E63.000
diagnoses,E64.300x001,E64.300
diagnoses,E65.x00x003,E88.203
diagnoses,E65.x00x007,E65.x00x013
diagnoses,E65.x00x008,E65.x08
diagnoses,E65.x00x020,E65.x13
diagnoses,E65.x00x031,E65.x03
diagnoses,E65.x00x032,E65.x09
diagnoses,E65.x00x033,E65.x11
diagnoses,E65.x00x034,E65.x07
diagnoses,E65.x00x035,E65.x10
diagnoses,E65.x00x036,E65.x01
diagnoses,E65.x00x037,E65.x02
diagnoses,E66.000x001,E66.000
diagnoses,E66.100x001,E66.100
diagnoses,E66.200x001,E66.201
diagnoses,E66.900x002,E66.900x001
diagnoses,E67.200x001,E67.200
diagnoses,E70.000x001,E70.000
diagnoses,E70.100x005,E70.102
diagnoses,E70.200x003,E70.200
diagnoses,E70.200x011,E70.202
diagnoses,E70.200x012,E70.205
diagnoses,E71.000x001,E71.000
diagnoses,E71.300x012,E71.304
diagnoses,E71.300x013,E71.305
diagnoses,E71.300x014,E71.307
diagnoses,E71.300x015,E71.308
diagnoses,E71.300x016,E71.309
diagnoses,E71.300x017,E71.310
diagnoses,E72.000x005,E72.005
diagnoses,E72.000x011,E72.002
diagnoses,E72.000x012,E72.006+N29.8*
diagnoses,E72.000x013,E72.007
diagnoses,E72.100x011,E72.102
diagnoses,E72.200x011,E72.200x004
diagnoses,E72.200x012,E72.205
diagnoses,E72.300x011,E72.304
diagnoses,E72.300x012,E72.305
diagnoses,E72.300x013,E72.306
diagnoses,E72.400x011,E72.401
diagnoses,E72.400x012,E72.402
diagnoses,E72.900x007,E71.103
diagnoses,E73.900x002,E73.900
diagnoses,E74.000x003+I43.1*,E74.008+I43.1*
diagnoses,E74.000x004+G73.6*,E74.007+G73.6*
diagnoses,E74.000x021+I43.1*,E74.008+I43.1*
diagnoses,E74.000x022,E74.009
diagnoses,E74.000x023+G73.6*,E74.007+G73.6*
diagnoses,E74.100x011,E74.101
diagnoses,E74.200x004,E74.200
diagnoses,E74.300x004,E74.300x001
diagnoses,E74.400x001,E74.400
diagnoses,E74.400x006,E74.402
diagnoses,E74.400x007,E74.401
diagnoses,E74.800x002,E74.802
diagnoses,E74.800x011,E74.803
diagnoses,E75.100x011,E75.101
diagnoses,E75.200x021,E75.201
diagnoses,E75.200x022,E75.203
diagnoses,E75.200x023,E75.205
diagnoses,E75.200x024,E75.206
diagnoses,E75.300x001,E75.300
diagnoses,E75.400x001,E75.400
diagnoses,E75.500x002,E75.501
diagnoses,E75.600x021,E75.602+F02.8*
diagnoses,E75.600x022+G73.6*,E75.601+G73.6*
diagnoses,E76.000x001,E76.000
diagnoses,E76.100x001,E76.100
diagnoses,E76.200x021,E76.201
diagnoses,E76.300x001,E76.300
diagnoses,E77.000x001,E77.000
diagnoses,E78.000x001,E78.000
diagnoses,E78.000x011,E78.003
diagnoses,E78.100x001,E78.100
diagnoses,E78.100x006,E78.100
diagnoses,E78.200x001,H02.600
diagnoses,E78.200x003,E78.200
diagnoses,E78.200x006,E78.208
diagnoses,E78.200x007,E78.207
diagnoses,E78.200x009,E78.209
diagnoses,E78.200x010,E78.204
diagnoses,E78.200x021,E78.201
diagnoses,E78.200x022,E78.209
diagnoses,E78.203,E78.500x001
diagnoses,E78.300x011,E78.402
diagnoses,E79.100x001,E79.100
diagnoses,E80.000x002,E80.000
diagnoses,E80.000x011,E80.002
diagnoses,E80.200x011,E80.203
diagnoses,E80.400x001,E80.400
diagnoses,E80.500x001,E80.500
diagnoses,E80.600x001,E80.600x008
diagnoses,E80.600x002,E80.601
diagnoses,E80.600x003,R17.900x001
diagnoses,E80.600x004,E80.603
diagnoses,E80.604,R17.901
diagnoses,E83.000x004+F02.8*,E83.003+F02.8*
diagnoses,E83.000x011,E83.001
diagnoses,E83.000x012,E83.002
diagnoses,E83.100x005+J99.8*,E83.104+J99.8*
diagnoses,E83.300x009,E83.309
diagnoses,E83.300x013,E83.302
diagnoses,E83.300x022,E83.301
diagnoses,E83.300x023,E83.305
diagnoses,E83.400x001,E83.403
diagnoses,E83.500x021,E83.505+F02.8*
diagnoses,E84.000x001,E84.001
diagnoses,E84.000x002,E84.001
diagnoses,E84.100x001,E84.101+P75*
diagnoses,E84.100x002,E84.102
diagnoses,E84.800x001,E84.801
diagnoses,E84.900x002,E84.900
diagnoses,E85.000x004,E85.000
diagnoses,E85.000x005,E85.002
diagnoses,E85.100x001,E85.100x002
diagnoses,E85.100x003,E85.100x002
diagnoses,E85.100x004,E85.101+G63.3*
diagnoses,E85.300x001,E85.300x002
diagnoses,E85.400x003,E85.418
diagnoses,E85.400x017+L99.0*,E85.413+L99.0*
diagnoses,E85.400x021,E85.403
diagnoses,E85.400x022,E85.409
diagnoses,E85.400x023,E85.402
diagnoses,E85.400x024+L99.0*,E85.413+L99.0*
diagnoses,E85.400x025+N08.4*,E85.411+N29.8*
diagnoses,E85.400x026,E85.401
diagnoses,E85.400x027,E85.414+I68.0*
diagnoses,E85.400x028+I43.1*,E85.416+I43.1*
diagnoses,E85.400x029+J99.8*,E85.412+J99.8*
diagnoses,E85.900x001,E85.900
diagnoses,E86.x00x005,E86.x00x001
diagnoses,E87.800x011,E87.801
diagnoses,E88.200x003,E88.203
diagnoses,E88.200x004,E88.203
diagnoses,E88.200x005,E88.202
diagnoses,E88.800x001,E88.801
diagnoses,E88.800x012,E88.806
diagnoses,E88.800x021,E88.807
diagnoses,E88.805,E88.300
diagnoses,E88.900x011+M90.8*,E88.902+M90.8*
diagnoses,E88.902+M90.803*,E88.902+M90.8*
diagnoses,E89.000x003,E89.000
diagnoses,E89.000x004,E89.002
diagnoses,E89.100x002,E89.100
diagnoses,E89.200x002,E89.201
diagnoses,E89.300x011,E89.301
diagnoses,E89.800x011,E89.801
diagnoses,F01.100x001,F01.102
diagnoses,F03.x00x002,F03.x00
diagnoses,F04.x00x002,F04.x00x901
diagnoses,F05.000x002,F05.000
diagnoses,F05.100x001,F05.100
diagnoses,F05.100x002,F05.101
diagnoses,F05.800x001,F05.802
diagnoses,F05.900x002,F05.902
diagnoses,F06.300x041,F06.300x030
diagnoses,F06.800x031,F06.800
diagnoses,F06.800x035,F06.800
diagnoses,F06.800x036,F06.800
diagnoses,F06.800x051,F06.800
diagnoses,F06.900x001,F06.900
diagnoses,F06.900x002,F06.900
diagnoses,F07.200x002,F07.201
diagnoses,F07.800x004,F07.800x003
diagnoses,F07.900x002,F07.900
diagnoses,F10.100x001,F10.100
diagnoses,F10.200x001,F10.200
diagnoses,F10.300x001,F10.300
diagnoses,F10.400x001,F10.400
diagnoses,F10.400x002,F10.401
diagnoses,F10.500x001,F10.500
diagnoses,F10.700x001,F10.700
diagnoses,F10.700x002,F10.701
diagnoses,F10.900x001,F10.900
diagnoses,F11.100x002,F11.100x001
diagnoses,F11.200x002,F11.201
diagnoses,F11.200x004,F11.200
diagnoses,F11.200x005,F11.204
diagnoses,F11.300x001,F11.300
diagnoses,F11.400x001,F11.400
diagnoses,F11.500x001,F11.500
diagnoses,F11.600x001,F11.600
diagnoses,F11.700x001,F11.700
diagnoses,F11.700x002,F11.700
diagnoses,F11.900x001,F11.900
diagnoses,F12.000x001,F12.000x002
diagnoses,F12.100x002,F12.100
diagnoses,F12.200x001,F12.200
diagnoses,F12.300x001,F12.300
diagnoses,F12.400x001,F12.400
diagnoses,F12.500x001,F12.500
diagnoses,F12.600x001,F12.600
diagnoses,F12.700x001,F12.700
diagnoses,F12.700x002,F12.700
diagnoses,F12.900x001,F12.900
diagnoses,F13.200x002,F13.201
diagnoses,F13.200x003,F13.200
diagnoses,F13.300x001,F13.300
diagnoses,F13.400x001,F13.400
diagnoses,F13.500x001,F13.500
diagnoses,F13.600x001,F13.600
diagnoses,F13.700x001,F13.700
diagnoses,F13.700x002,F13.700
diagnoses,F13.900x001,F13.900
diagnoses,F14.100x002,F14.100
diagnoses,F14.200x001,F14.200
diagnoses,F14.300x001,F14.300
diagnoses,F14.500x001,F14.500
diagnoses,F14.600x001,F14.600
diagnoses,F14.700x001,F14.700
diagnoses,F14.700x002,F14.700
diagnoses,F14.900x001,F14.900
diagnoses,F15.100x005,F15.100x001
diagnoses,F15.400x005,F15.400x001
diagnoses,F16.000x001,F16.000x002
diagnoses,F16.100x001,F16.100
diagnoses,F16.200x001,F16.200
diagnoses,F16.300x001,F16.300
diagnoses,F16.500x001,F16.500
diagnoses,F16.600x001,F16.600
diagnoses,F16.700x001,F16.700
diagnoses,F16.700x002,F16.700
diagnoses,F16.900x001,F16.900
diagnoses,F17.200x001,F17.200
diagnoses,F17.300x001,F17.300
diagnoses,F17.500x001,F17.500
diagnoses,F17.600x001,F17.600
diagnoses,F17.700x001,F17.700
diagnoses,F17.700x002,F17.700
diagnoses,F17.900x001,F17.900
diagnoses,F18.200x001,F18.200
diagnoses,F18.300x001,F18.300
diagnoses,F18.400x001,F18.400
diagnoses,F18.500x001,F18.500
diagnoses,F18.600x001,F18.600
diagnoses,F18.700x001,F18.700
diagnoses,F18.700x002,F18.700
diagnoses,F18.900x001,F18.900
diagnoses,F19.000x001,F19.000x002
diagnoses,F19.100x001,F19.100x004
diagnoses,F19.200x002,F19.200
diagnoses,F19.300x001,F19.300
diagnoses,F19.500x001,F19.500
diagnoses,F19.600x001,F19.600
diagnoses,F19.700x001,F19.700
diagnoses,F19.700x002,F19.700
diagnoses,F19.900x001,F19.900
diagnoses,F20.000x001,F20.000
diagnoses,F22.000x001,F22.001
diagnoses,F22.000x002,F22.000
diagnoses,F22.900x001,F22.900
diagnoses,F23.000x001,F23.000
diagnoses,F23.000x002,F23.000
diagnoses,F23.000x011,F23.000
diagnoses,F23.100x001,F23.100
diagnoses,F23.100x002,F23.100
diagnoses,F23.100x011,F23.100
diagnoses,F23.200x001,F23.200
diagnoses,F23.300x004,F23.300x003
diagnoses,F23.300x011,F23.300x003
diagnoses,F28.x00x001,F28.x01
diagnoses,F29.x00x001,F29.x00
diagnoses,F30.800x011,F30.800
diagnoses,F30.900x001,F30.900
diagnoses,F31.000x001,F31.000
diagnoses,F31.100x001,F31.100
diagnoses,F31.200x001,F31.200
diagnoses,F31.300x001,F31.301
diagnoses,F31.400x001,F31.400
diagnoses,F31.500x001,F31.500
diagnoses,F31.600x001,F31.600
diagnoses,F31.700x001,F31.700
diagnoses,F31.900x001,F31.900
diagnoses,F32.800x011,F32.801
diagnoses,F33.000x001,F33.000
diagnoses,F33.100x001,F33.100
diagnoses,F33.200x001,F33.200
diagnoses,F33.300x001,F33.300
diagnoses,F33.400x001,F33.400
diagnoses,F34.000x001,F34.001
diagnoses,F34.900x001,F34.900
diagnoses,F39.x00x001,F39.x00
diagnoses,F40.900x001,F40.900
diagnoses,F41.000x001,F41.000
diagnoses,F42.000x001,F42.000
diagnoses,F42.000x011,F42.003
diagnoses,F42.100x001,F42.100
diagnoses,F43.100x001,F43.100
diagnoses,F43.200x002,F43.200
diagnoses,F43.200x011,F43.200
diagnoses,F43.200x021,F43.200
diagnoses,F44.100x001,F44.100
diagnoses,F44.400x001,F44.401
diagnoses,F44.803,F44.800x002
diagnoses,F45.300x001,F45.300
diagnoses,F45.300x002,F45.306
diagnoses,F45.400x001,F45.400
diagnoses,F45.800x003,F45.803
diagnoses,F45.800x004,F45.804
diagnoses,F45.800x005,F45.801
diagnoses,F45.900x001,F45.900
diagnoses,F51.000x001,F51.000
diagnoses,F51.100x001,F51.100
diagnoses,F52.900x001,F52.900
diagnoses,F53.000x002,F53.002
diagnoses,F55.x00x002,F55.x00
diagnoses,F55.x00x701,F55.x00
diagnoses,F60.300x001,F60.301
diagnoses,F60.300x002,F60.302
diagnoses,F61.x00x001,F61.x00
diagnoses,F62.900x001,F62.900
diagnoses,F64.200x001,F64.200
diagnoses,F65.100x001,F65.100
diagnoses,F68.100x002,F68.100
diagnoses,F70.100x001,F70.100
diagnoses,F70.800x001,F70.800
diagnoses,F70.800x002,F70.800
diagnoses,F71.000x002,F71.000
diagnoses,F71.100x001,F71.100
diagnoses,F71.800x001,F71.800
diagnoses,F71.800x002,F71.800
diagnoses,F72.000x002,F72.000
diagnoses,F72.100x001,F72.100
diagnoses,F72.800x001,F72.800
diagnoses,F72.800x002,F72.800
diagnoses,F73.000x002,F73.000
diagnoses,F73.100x001,F73.100
diagnoses,F73.800x001,F73.800
diagnoses,F73.800x002,F73.800
diagnoses,F78.800x001,F78.800
diagnoses,F78.800x002,F78.800
diagnoses,F79.000x002,F79.000
diagnoses,F79.100x001,F79.100
diagnoses,F79.100x002,F79.100
diagnoses,F79.800x001,F79.800
diagnoses,F79.800x002,F79.800
diagnoses,F79.800x003,F79.800
diagnoses,F79.800x004,F79.800
diagnoses,F79.800x005,F79.800
diagnoses,F79.900x001,F79.901
diagnoses,F80.200x001,F80.203
diagnoses,F80.200x002,F80.204
diagnoses,F80.200x003,F80.205
diagnoses,F80.300x001,F80.300
diagnoses,F83.x00x001,F83.x00
diagnoses,F84.200x001,F84.200
diagnoses,F91.100x001,F91.100
diagnoses,F98.200x001,F98.200
diagnoses,F98.900x001,F98.900
diagnoses,F99.x00x001,F99.x00
diagnoses,G04.100,G04.101
diagnoses,G04.900x008,G04.907
diagnoses,G06.000x017,G06.009
diagnoses,G06.000x019,G06.008
diagnoses,G06.000x031,G06.000x014
diagnoses,G09.x00x005,G09.x00
diagnoses,G11.200x001,G11.200
diagnoses,G11.200x003,G23.300
diagnoses,G11.200x041,G11.200x002
diagnoses,G11.900x002,G11.201
diagnoses,G12.000x001,G12.000
diagnoses,G12.801,G12.209
diagnoses,G12.802,G12.100x008
diagnoses,G20.x00x005+F02.3*,G20.x02+F02.3*
diagnoses,G20.x00x011,G20.x08
diagnoses,G23.100x002,G23.101
diagnoses,G24.000x001,G24.000
diagnoses,G24.000x011,G24.000
diagnoses,G24.100x002,G24.100
diagnoses,G24.200x002,G24.200
diagnoses,G24.400x001,G24.400
diagnoses,G24.900x001,G24.900x003
diagnoses,G25.000x001,G25.000
diagnoses,G25.500x002,G25.500
diagnoses,G25.500x004,G25.502
diagnoses,G25.801,G25.800x001
diagnoses,G30.000x001,G30.000x002
diagnoses,G30.100x001,G30.100x003+F00.1*
diagnoses,G31.800x011,G31.800x004
diagnoses,G31.805,G31.805+F02.8*
diagnoses,G31.900x007,G31.900
diagnoses,G36.801,G36.800
diagnoses,G37.000x001,G37.000
diagnoses,G40.600x001,G40.600
diagnoses,G40.800x012,G41.801
diagnoses,G40.800x021,G40.800x010
diagnoses,G41.000x001,G41.000
diagnoses,G41.100x001,G41.101
diagnoses,G41.200x011,G41.200x004
diagnoses,G41.800x001,G41.802
diagnoses,G41.800x002,G41.802
diagnoses,G41.800x003,G41.802
diagnoses,G44.100x001,G44.004
diagnoses,G44.100x002,G44.005
diagnoses,G44.100x003,G44.100
diagnoses,G44.400x001,G44.400
diagnoses,G45.900x001,G45.900
diagnoses,G47.100x001,G47.100
diagnoses,G47.200x004,G47.200
diagnoses,G50.800x003,G50.803
diagnoses,G50.900x001,G50.900
diagnoses,G51.400x001,G51.400
diagnoses,G51.800x002,G51.803
diagnoses,G51.900x001,G51.900
diagnoses,G52.200x004,G52.205
diagnoses,G54.200x011,G54.201
diagnoses,G54.500x001,G54.500
diagnoses,G54.600x001,G54.600
diagnoses,G56.400,G90.600
diagnoses,G56.401,G90.600
diagnoses,G57.002,G54.100x002
diagnoses,G57.300x004,G57.300
diagnoses,G57.602,G57.600x003
diagnoses,G57.900x001,G57.901
diagnoses,G58.000x003,G58.002
diagnoses,G58.900x001,G58.900
diagnoses,G62.100x003,G62.101
diagnoses,G70.200x001,G70.200
diagnoses,G70.900x005,G70.202
diagnoses,G72.000x001,G72.000
diagnoses,G72.303,E05.900x002+G73.0*
diagnoses,G80.000x031,G80.000
diagnoses,G81.900x003,G81.901
diagnoses,G81.900x004,G81.902
diagnoses,G81.900x005,G81.903
diagnoses,G82.000x001,G82.000
diagnoses,G82.100x001,G82.100
diagnoses,G82.200x003,G82.204
diagnoses,G82.200x004,G82.200
diagnoses,G82.200x061,G82.201
diagnoses,G82.300x001,G82.300
diagnoses,G82.400x001,G82.400
diagnoses,G83.400x002,G83.400
diagnoses,G83.900x006,G83.900x005
diagnoses,G90.000x002,G90.000
diagnoses,G90.300,G23.900
diagnoses,G90.301,G23.900
diagnoses,G90.302,G23.804
diagnoses,G91.803,G97.800x006
diagnoses,G93.200x001,G93.200
diagnoses,G93.502,G93.500x001
diagnoses,G93.800x011,I67.900
diagnoses,G93.813,G93.800x010
diagnoses,G96.801,G83.500
diagnoses,G97.800x010,G97.803
diagnoses,H00.000x002,H00.001
diagnoses,H02.300x003,H02.301
diagnoses,H02.500x001,H02.200
diagnoses,H02.500x002,H02.200
diagnoses,H02.500x011,H02.500
diagnoses,H02.700x009,H02.700x001
diagnoses,H04.300x001,H04.303
diagnoses,H04.500x009,H04.506
diagnoses,H05.000x011,H05.001
diagnoses,H05.000x012,H05.000x002
diagnoses,H05.000x013,H05.000
diagnoses,H05.200x001,H05.205
diagnoses,H10.400x001,H10.401
diagnoses,H10.900x002,H10.901
diagnoses,H11.300x002,H11.301
diagnoses,H11.400x002,H11.405
diagnoses,H11.800x011,H11.800
diagnoses,H15.100x001,H15.100
diagnoses,H15.800x005,H15.803
diagnoses,H15.900x001,H15.900
diagnoses,H16.000x021,H16.000
diagnoses,H16.200x011,H16.200
diagnoses,H16.202,H04.103
diagnoses,H16.400x002,H16.400
diagnoses,H16.800x011,H16.801
diagnoses,H17.000x001,H17.000
diagnoses,H17.100x001,H17.100
diagnoses,H18.200x001,H18.200
diagnoses,H18.400x002,H18.402
diagnoses,H18.700x001,H18.700
diagnoses,H18.800x014,H18.800
diagnoses,H20.100x003,H20.101
diagnoses,H20.800x007,H20.803
diagnoses,H21.200x001,H21.202
diagnoses,H21.400x001,H21.400
diagnoses,H21.500x006,H21.506
diagnoses,H21.803,H40.500x001
diagnoses,H25.003,H25.900
diagnoses,H25.100x001,H25.100
diagnoses,H25.100x002,H25.100
diagnoses,H25.200x002,H25.200
diagnoses,H26.200x001,H26.202
diagnoses,H30.200x002,H30.201
diagnoses,H31.800x006,H31.802
diagnoses,H33.505,H33.200x004
diagnoses,H34.000x001,H34.000
diagnoses,H34.200x003,H34.200
diagnoses,H34.800x004,H34.802
diagnoses,H35.000x003,H35.005
diagnoses,H35.000x005,H35.000
diagnoses,H35.000x018,H35.012
diagnoses,H35.003,H31.802
diagnoses,H35.200x002,H35.200
diagnoses,H35.201,H35.200
diagnoses,H35.300x001,H35.307
diagnoses,H35.300x002,H35.300
diagnoses,H35.400x002,H35.400
diagnoses,H35.700x001,H35.700x005
diagnoses,H35.800x006,H35.807
diagnoses,H40.200x001,H40.200
diagnoses,H40.200x002,H40.203
diagnoses,H40.200x003,H40.203
diagnoses,H40.201,H40.500x009
diagnoses,H40.204,H40.200x007
diagnoses,H40.301,H40.300
diagnoses,H40.400x002,H40.403
diagnoses,H40.800x003,H40.600x002
diagnoses,H40.800x011,Q15.004
diagnoses,H40.800x012,H40.800
diagnoses,H40.800x013,H40.800
diagnoses,H40.800x014,H40.800
diagnoses,H40.900x001,H40.100
diagnoses,H43.200x003,H43.200x001
diagnoses,H43.201,H43.800x005
diagnoses,H43.300x001,H43.300
diagnoses,H44.100x004,H44.103
diagnoses,H44.100x006,H44.100
diagnoses,H44.200x001,H44.200
diagnoses,H44.600x008,H44.600
diagnoses,H44.600x009,H44.600
diagnoses,H44.700x011,H44.700
diagnoses,H46.x00x003,H46.x02
diagnoses,H47.000x005,H47.004
diagnoses,H47.000x011,H47.006
diagnoses,H47.100x001,H47.101
diagnoses,H47.200x005,H47.203
diagnoses,H47.202,H47.200
diagnoses,H47.300x004,H47.302
diagnoses,H47.300x006,H47.303
diagnoses,H47.300x007,H47.304
diagnoses,H47.300x011,H47.300
diagnoses,H47.300x012,H47.300
diagnoses,H50.000x005,H50.003
diagnoses,H50.000x010,H50.001
diagnoses,H50.000x011,H50.000x002
diagnoses,H50.000x012,H50.000x004
diagnoses,H50.000x013,H50.005
diagnoses,H50.100x001,H50.102
diagnoses,H50.400x001,H50.402
diagnoses,H50.800x011,H50.806
diagnoses,H50.800x012,H50.807
diagnoses,H52.100x001,H52.101
diagnoses,H55.x00x003,H55.x00x002
diagnoses,H55.x00x004,H55.x00x002
diagnoses,H57.000x002,H57.003
diagnoses,H59.000x001,H59.002
diagnoses,H59.000x002,H59.003
diagnoses,H59.800x021,H59.811
diagnoses,H59.800x022,H59.812
diagnoses,H59.800x023,H59.813
diagnoses,H60.000x001,H60.001
diagnoses,H60.000x003,H60.002
diagnoses,H60.300x004,H60.300x002
diagnoses,H60.400x001,H60.401
diagnoses,H60.400x002,H60.400x004
diagnoses,H60.400x003,H60.401
diagnoses,H60.402,H60.400x004
diagnoses,H60.403,H60.401
diagnoses,H60.500x002,H60.501
diagnoses,H60.500x009,H60.300
diagnoses,H60.800x001,H60.801
diagnoses,H61.000x001,H61.000
diagnoses,H61.002,H61.100x009
diagnoses,H61.100x003,H61.102
diagnoses,H61.100x004,H61.103
diagnoses,H61.100x008,H61.105
diagnoses,H61.200x001,H61.200
diagnoses,H61.800x001,H61.803
diagnoses,H61.800x011,H61.803
diagnoses,H61.800x012,H61.901
diagnoses,H61.800x013,H61.806
diagnoses,H65.300x003,H65.300x001
diagnoses,H66.000x002,H66.001
diagnoses,H66.900x001,H66.900
diagnoses,H66.900x004,H66.900
diagnoses,H69.900x001,H69.900
diagnoses,H70.000x002,H70.000
diagnoses,H70.000x004,H70.000
diagnoses,H70.000x008,H70.000x007
diagnoses,H71.x00x001,H71.x02
diagnoses,H71.x00x006,H71.x00
diagnoses,H71.x00x007,H71.x00
diagnoses,H72.200x001,H72.200
diagnoses,H73.800x007,H73.802
diagnoses,H74.300x001,H74.300
diagnoses,H74.300x002,H74.300x004
diagnoses,H80.900x001,H80.900
diagnoses,H81.000x002,H81.000
diagnoses,H81.100x001,H81.100
diagnoses,H81.200x001,H81.200
diagnoses,H81.300x002,H81.303
diagnoses,H81.400x002,H81.400x003
diagnoses,H81.900x001,H81.902
diagnoses,H81.900x002,H81.902
diagnoses,H83.800x011,H83.800x003
diagnoses,H90.500x001,H90.502
diagnoses,H91.200x002,H91.200
diagnoses,H91.900x011,H91.900
diagnoses,H93.200x004,H93.201
diagnoses,H93.300x001,H93.300
diagnoses,H93.300x004,H93.300
diagnoses,H95.100x001,H95.102
diagnoses,I00.x00x001,I00.x00x004
diagnoses,I00.x00x002,I00.x00x004
diagnoses,I00.x00x006,I00.x01
diagnoses,I02.000,I02.000x001
diagnoses,I02.900x002,I02.900x001
diagnoses,I05.200x002,I05.200
diagnoses,I05.801,I34.800x006
diagnoses,I06.800,I06.800x001
diagnoses,I07.200x002,I07.200
diagnoses,I07.800x003,I36.800x005
diagnoses,I08.000x002,I08.000
diagnoses,I08.000x011,I08.008
diagnoses,I08.100x002,I08.100
diagnoses,I08.200x002,I08.200
diagnoses,I08.300x002,I08.300
diagnoses,I09.100,I09.100x001
diagnoses,I10.x00x021,I10.x03
diagnoses,I10.x00x022,I10.x03
diagnoses,I10.x00x023,I10.x03
diagnoses,I10.x00x024,I10.x03
diagnoses,I10.x00x025,I10.x04
diagnoses,I10.x00x026,I10.x04
diagnoses,I10.x00x027,I10.x04
diagnoses,I10.x00x028,I10.x04
diagnoses,I10.x00x029,I10.x05
diagnoses,I10.x00x030,I10.x05
diagnoses,I10.x00x031,I10.x05
diagnoses,I10.x00x032,I10.x05
diagnoses,I12.900x007,I12.904
diagnoses,I13.000,I13.000x001
diagnoses,I13.100,I13.100x001
diagnoses,I13.200,I13.200x001
diagnoses,I13.900x002,I13.900x001
diagnoses,I15.800x005,I15.200x005
diagnoses,I20.000x001,I20.003
diagnoses,I20.000x002,I20.002
diagnoses,I20.800x003,I20.000x005
diagnoses,I20.800x011,I20.803
diagnoses,I20.800x012,I20.801
diagnoses,I20.800x013,I20.808
diagnoses,I21.000x001,I21.003
diagnoses,I21.000x002,I21.002
diagnoses,I21.000x003,I21.004
diagnoses,I21.100x001,I21.104
diagnoses,I21.100x002,I21.103
diagnoses,I21.100x003,I21.105
diagnoses,I21.200x028,I21.206
diagnoses,I21.200x041,I21.204
diagnoses,I21.200x042,I21.206
diagnoses,I21.200x043,I21.205
diagnoses,I21.300x006,I21.302
diagnoses,I21.300x007,I21.303
diagnoses,I21.300x011,I21.300
diagnoses,I21.400x001,I21.400x003
diagnoses,I21.400x004,I21.401
diagnoses,I21.400x011,I21.402
diagnoses,I21.900x011,I21.900
diagnoses,I21.900x012,I21.103
diagnoses,I21.900x013,I21.103
diagnoses,I21.900x014,I21.103
diagnoses,I21.900x016,I21.900
diagnoses,I21.900x017,I21.900
diagnoses,I23.100,I23.100x001
diagnoses,I23.800,I23.800x001
diagnoses,I24.000x006,I24.001
diagnoses,I24.000x008,I24.001
diagnoses,I24.100,I24.100x001
diagnoses,I24.800x006,I21.901
diagnoses,I25.000,I25.000x001
diagnoses,I25.101,I25.100x003
diagnoses,I25.200x013,I25.200
diagnoses,I25.400x003,I25.401
diagnoses,I25.400x011,I25.403
diagnoses,I25.800x007,I20.808
diagnoses,I25.900x002,I25.900
diagnoses,I26.000x001,I26.001
diagnoses,I26.900x014,I26.900x010
diagnoses,I27.000x004,I27.000x007
diagnoses,I27.000x006,I27.001
diagnoses,I27.002,I27.200x021
diagnoses,I27.003,I27.200x022
diagnoses,I27.200x010,I27.200x005
diagnoses,I27.200x011,I27.200x020
diagnoses,I27.200x022,I27.200x002
diagnoses,I27.200x023,I27.200x018
diagnoses,I27.800x001,I27.801
diagnoses,I28.900,I28.900x001
diagnoses,I30.100x003,I30.103
diagnoses,I31.000x001,I31.000
diagnoses,I31.100x002,I31.100
diagnoses,I31.200,I31.200x001
diagnoses,I31.800x004,I31.300
diagnoses,I33.000x023,I33.000x024
diagnoses,I33.012,I33.000x012
diagnoses,I34.000x011,I34.000
diagnoses,I34.000x012,I34.000x001
diagnoses,I34.100x004,I34.100
diagnoses,I34.100x011,I34.100
diagnoses,I34.200x003,I97.800x020
diagnoses,I34.200x011,I34.200
diagnoses,I34.800x011,I34.800x003
diagnoses,I34.800x012,I34.801
diagnoses,I35.000x001,I35.000
diagnoses,I35.000x011,I35.000
diagnoses,I35.100x002,I35.100
diagnoses,I35.100x011,I35.100
diagnoses,I35.100x012,I35.101
diagnoses,I35.200x002,I35.200
diagnoses,I35.200x011,I35.200x001
diagnoses,I38.x00x011,I38.x02
diagnoses,I38.x00x012,I45.900x003
diagnoses,I38.x00x013,I38.x03
diagnoses,I42.000x011,I42.001
diagnoses,I42.101,I42.100
diagnoses,I42.200x001,I42.200x002
diagnoses,I42.300x011,I42.300
diagnoses,I42.300x012,I42.300
diagnoses,I42.800x008,E05.900x004+I43.8*
diagnoses,I42.900x003,I42.905
diagnoses,I42.900x006,I42.900
diagnoses,I44.100x001,I44.101
diagnoses,I44.100x002,I44.101
diagnoses,I44.100x003,I44.102
diagnoses,I44.300x011,I44.303
diagnoses,I44.300x012,I44.304
diagnoses,I44.301,I45.400x001
diagnoses,I44.600x001,I44.600
diagnoses,I44.600x002,I44.601
diagnoses,I45.200x001,I45.200
diagnoses,I45.500x011,I45.502
diagnoses,I45.600x002,I45.600
diagnoses,I45.600x006,R94.300x011
diagnoses,I45.600x011,I45.601
diagnoses,I45.600x012,I45.602
diagnoses,I45.800x005,R94.300x012
diagnoses,I45.800x011,I45.900x003
diagnoses,I45.802,R94.300x011
diagnoses,I45.803,I49.804
diagnoses,I45.805,R94.308
diagnoses,I45.900x011,I45.901
diagnoses,I47.100x021,I47.105
diagnoses,I47.200x021,I47.200x009
diagnoses,I48.x00,I48.900
diagnoses,I48.x00x001,I48.301
diagnoses,I48.x00x002,I48.401
diagnoses,I48.x00x007,I48.100
diagnoses,I48.x00x008,I48.200
diagnoses,I48.x00x009,I48.900x015
diagnoses,I48.x00x010,I48.900x003
diagnoses,I48.x00x011,I48.100x003
diagnoses,I48.x00x012,I48.900x004
diagnoses,I48.x00x013,I48.100x002
diagnoses,I48.x00x014,I48.100x003
diagnoses,I48.x00x015,I48.900x015
diagnoses,I48.x00x021,I48.000
diagnoses,I48.x00x022,I48.900x004
diagnoses,I48.x00x023,I48.900x004
diagnoses,I48.x01,I48.900x004
diagnoses,I48.x02,I48.000
diagnoses,I48.x03,I48.900x003
diagnoses,I48.x04,I48.900x003
diagnoses,I48.x05,I48.900x004
diagnoses,I48.x06,I48.900x003
diagnoses,I49.003,I49.805
diagnoses,I49.100x002,I49.101
diagnoses,I49.300x001,I49.301
diagnoses,I49.300x004,I49.303
diagnoses,I49.400x002,I49.402
diagnoses,I49.400x003,I49.401
diagnoses,I49.500x001,I49.500
diagnoses,I49.500x002,I49.501
diagnoses,I49.800x014,I49.805
diagnoses,I49.800x021,I49.800x010
diagnoses,I49.800x022,I49.800
diagnoses,I49.800x031,I49.805
diagnoses,I49.900x001,I49.805
diagnoses,I49.900x002,I25.104
diagnoses,I50.900x021,I50.900x001
diagnoses,I50.900x022,I50.900
diagnoses,I50.900x023,I50.900x002
diagnoses,I50.902,I51.900x002
diagnoses,I50.903,I50.900x007
diagnoses,I50.904,I50.900x008
diagnoses,I50.905,I50.900x010
diagnoses,I51.300x005,I51.301
diagnoses,I51.300x006,I51.302
diagnoses,I51.400x007,I51.400
diagnoses,I51.900x003,I51.900x002
diagnoses,I51.900x005,I51.900x003
diagnoses,I51.902,I51.800x006
diagnoses,I51.904,I51.403
diagnoses,I60.000x005,I60.602
diagnoses,I60.000x011,I60.001
diagnoses,I60.400x011,I60.401
diagnoses,I60.400x012,I60.400
diagnoses,I60.400x013,I60.600x003
diagnoses,I60.700x001,I60.701
diagnoses,I60.900x003,I60.700x001
diagnoses,I60.901,I60.700x001
diagnoses,I61.200,I61.200x001
diagnoses,I61.500x001,I61.500x008
diagnoses,I61.900x011,I61.903
diagnoses,I62.000x001,I62.000
diagnoses,I62.000x003,I62.000
diagnoses,I62.000x004,I62.001
diagnoses,I62.000x006,I62.000x005
diagnoses,I62.000x007,I62.003
diagnoses,I62.000x011,I62.000
diagnoses,I62.000x012,I62.001
diagnoses,I62.000x013,I62.000x005
diagnoses,I62.000x014,I62.000x005
diagnoses,I62.000x015,I62.003
diagnoses,I62.002,I62.000
diagnoses,I62.100x002,I62.100x001
diagnoses,I62.100x005,I62.100x001
diagnoses,I62.100x006,I62.100x001
diagnoses,I62.100x007,I62.100x003
diagnoses,I62.900,I62.900x001
diagnoses,I63.200x001,I63.200
diagnoses,I63.500x003,I63.500
diagnoses,I63.600,I63.600x001
diagnoses,I65.000x007,I67.203
diagnoses,I65.100x001,I65.100x004
diagnoses,I65.100x004,I65.000x005
diagnoses,I65.100x006,I67.200
diagnoses,I65.200x013,I67.200x003
diagnoses,I65.200x014,I67.200x003
diagnoses,I65.800x008,I67.100x032
diagnoses,I66.000x005,I67.200
diagnoses,I66.100x005,I67.200
diagnoses,I66.200x006,I67.200
diagnoses,I66.300x006,I67.200
diagnoses,I66.300x009,I67.200
diagnoses,I66.300x012,I67.200
diagnoses,I66.400x011,I66.400
diagnoses,I66.900x001,I66.902
diagnoses,I66.900x002,I66.901
diagnoses,I67.000x004,I67.000x001
diagnoses,I67.000x008,I67.000x001
diagnoses,I67.100x014,I72.000x034
diagnoses,I67.100x015,I72.000x035
diagnoses,I67.100x016,I72.000x036
diagnoses,I67.100x027,I72.500x002
diagnoses,I67.100x028,I72.500x001
diagnoses,I67.100x034,I72.000x038
diagnoses,I67.100x041,I67.100x001
diagnoses,I67.100x042,I67.107
diagnoses,I67.100x043,I67.103
diagnoses,I67.104,I72.600x002
diagnoses,I67.105,I72.500x001
diagnoses,I67.200x011,I67.200
diagnoses,I67.400,I67.400x001
diagnoses,I67.600x011,I67.600x007
diagnoses,I67.600x021,I67.600x007
diagnoses,I67.800x011,I67.806
diagnoses,I67.800x012,I67.800x005
diagnoses,I69.800x011,I69.802
diagnoses,I70.200x003,I70.204
diagnoses,I70.200x041,I70.210
diagnoses,I70.200x071,I70.207
diagnoses,I70.200x072,I70.210
diagnoses,I70.200x073,I70.214
diagnoses,I70.202,I70.211
diagnoses,I70.205,I70.213
diagnoses,I70.207,I70.217
diagnoses,I70.800x008,I67.203
diagnoses,I70.800x012,I70.812
diagnoses,I70.806,I67.200x004
diagnoses,I70.900x011,I70.911
diagnoses,I70.900x012,I70.912
diagnoses,I71.000x031,I71.000x002
diagnoses,I71.200x015,I71.000x028
diagnoses,I71.600x003,I71.000x029
diagnoses,I72.000,I72.006
diagnoses,I72.000x003,I72.005
diagnoses,I72.000x005,I72.006
diagnoses,I72.000x034,I72.000x321
diagnoses,I72.000x041,I72.000
diagnoses,I72.000x042,I72.000x012
diagnoses,I72.000x043,I72.004
diagnoses,I72.100,I72.100x007
diagnoses,I72.100x011,I72.100
diagnoses,I72.200,I72.200x001
diagnoses,I72.200x011,I72.200x001
diagnoses,I72.300,I72.300x006
diagnoses,I72.300x041,I72.300
diagnoses,I72.400,I72.400x010
diagnoses,I72.400x601,I72.400
diagnoses,I72.800,I72.900x003
diagnoses,I72.800x013,I72.600
diagnoses,I72.800x143,I72.800x063
diagnoses,I72.800x252,I72.802
diagnoses,I72.817,I72.600x002
diagnoses,I72.900,I72.900x003
diagnoses,I72.900x011,I72.900
diagnoses,I74.103,I74.102
diagnoses,I74.306,T82.800x408
diagnoses,I74.309,T82.800x406
diagnoses,I74.400x002,I74.401
diagnoses,I74.505,T82.800x407
diagnoses,I74.800x021,I26.900x001
diagnoses,I77.000x002,I77.012
diagnoses,I77.000x010,I77.000
diagnoses,I77.000x021,I77.003
diagnoses,I77.100x041,I77.106
diagnoses,I77.116,T82.800x401
diagnoses,I77.119,T82.800x402
diagnoses,I77.122,T82.800x403
diagnoses,I77.124,T82.800x404
diagnoses,I77.128,T82.800x405
diagnoses,I77.130,I77.118
diagnoses,I77.200x001,I77.204
diagnoses,I77.300x004,I77.301
diagnoses,I77.600x006,I77.604
diagnoses,I77.600x009,I77.605
diagnoses,I77.600x011,M31.700
diagnoses,I77.600x021,I77.603
diagnoses,I77.600x022,I77.603
diagnoses,I77.600x023,I77.603
diagnoses,I78.000x001,I78.000
diagnoses,I78.100x002,I78.101
diagnoses,I80.000x001,I80.001
diagnoses,I80.205,C79.800x830
diagnoses,I80.800x011,I80.800
diagnoses,I80.900x003,C79.800x830
diagnoses,I82.100,I82.100x001
diagnoses,I83.000x003,I83.000
diagnoses,I83.100x011,I83.101
diagnoses,I83.200,I83.200x001
diagnoses,I83.900x007,I83.900x004
diagnoses,I83.900x011,Q87.203
diagnoses,I83.906,I83.900x004
diagnoses,I84.000,K64.801
diagnoses,I84.100,K64.805
diagnoses,I84.101,K64.802
diagnoses,I84.102,K64.803
diagnoses,I84.103,K64.805
diagnoses,I84.104,K64.804
diagnoses,I84.200,K64.805
diagnoses,I84.200x002,K64.805
diagnoses,I84.200x003,K64.805
diagnoses,I84.201,K64.811
diagnoses,I84.300,K64.806
diagnoses,I84.400,K64.809
diagnoses,I84.400x002,K64.808
diagnoses,I84.401,K64.807
diagnoses,I84.500,K64.809
diagnoses,I84.500x001,K64.809
diagnoses,I84.600,K64.400
diagnoses,I84.600x001,K64.402
diagnoses,I84.601,K64.402
diagnoses,I84.602,K64.401
diagnoses,I84.603,K64.401
diagnoses,I84.700,K64.810
diagnoses,I84.800,K64.900
diagnoses,I84.801,K64.901
diagnoses,I84.900,K64.900
diagnoses,I86.400x011,I86.401
diagnoses,I86.800x031,I86.803
diagnoses,I87.000,I87.001
diagnoses,I87.100x017,I87.112
diagnoses,I87.200x001,I87.201
diagnoses,I87.200x002,I87.202
diagnoses,I88.100x001,I88.100
diagnoses,I88.800,I88.800x001
diagnoses,I89.000x001,I89.000x004
diagnoses,I89.100,I89.100x002
diagnoses,I89.808,D47.700x007
diagnoses,I95.900x002,I95.900
diagnoses,I97.000x003,I97.000
diagnoses,I97.000x011,I97.001
diagnoses,I97.800x021,T82.900x001
diagnoses,I97.800x022,I97.900
diagnoses,I97.805,T82.800x005
diagnoses,I97.806,T82.800x003
diagnoses,I97.807,T82.800x004
diagnoses,I97.900x001,I97.102
diagnoses,I97.900x002,I97.102
diagnoses,J00.x00x002,J00.x00
diagnoses,J00.x00x003,J00.x00
diagnoses,J02.900x004,J02.900
diagnoses,J02.900x006,J70.800
diagnoses,J02.900x011,J02.902
diagnoses,J03.900x002,J03.900
diagnoses,J04.000x001,J04.000
diagnoses,J04.100x002,J04.100
diagnoses,J04.200x003,J04.200
diagnoses,J06.900x003,J06.900
diagnoses,J09.x00x001,J09.x00
diagnoses,J10.000x011,J10.000
diagnoses,J10.100x011,J10.100
diagnoses,J10.800x011,J10.800
diagnoses,J10.800x012,J10.805+G05.1*
diagnoses,J11.101,J11.100x001
diagnoses,J11.800x003+I41.1*,J11.801+I41.1*
diagnoses,J11.800x011,J11.801+I41.1*
diagnoses,J11.800x012,J11.802+H67.1*
diagnoses,J11.800x013,J11.100x001
diagnoses,J13.x00x001,J13.x00
diagnoses,J14.x00x002,J14.x00
diagnoses,J15.100x002,J15.101
diagnoses,J15.600,J15.800x001
diagnoses,J15.600x011,J15.600x002
diagnoses,J18.800x003,J18.803
diagnoses,J18.800x011,J18.802
diagnoses,J20.900x004,J42.x00x004
diagnoses,J21.900x001,J21.900
diagnoses,J21.900x011,J44.800x001
diagnoses,J30.000x001,J30.000
diagnoses,J30.100x002,J30.101
diagnoses,J30.400x001,J30.400
diagnoses,J31.000x001,J31.000
diagnoses,J31.000x004,J31.001
diagnoses,J32.000x001,J32.000
diagnoses,J32.100x001,J32.100
diagnoses,J32.200x001,J32.200
diagnoses,J32.300x001,J32.300
diagnoses,J32.800x010,J32.802
diagnoses,J32.900x001,J32.900
diagnoses,J33.100x002,J33.100
diagnoses,J34.100x007,J34.108
diagnoses,J34.800x011,J32.900x008
diagnoses,J34.800x012,J32.900x009
diagnoses,J34.800x013,J32.900x010
diagnoses,J34.800x014,J32.900x011
diagnoses,J34.800x018,J34.801
diagnoses,J34.800x023,J32.006
diagnoses,J34.800x031,J34.803
diagnoses,J34.800x032,J34.800x019
diagnoses,J35.800x011,J35.806
diagnoses,J36.x01,J36.x00x003
diagnoses,J38.200x003,J38.200
diagnoses,J38.300x014,J38.301
diagnoses,J38.500x002,J38.500
diagnoses,J38.713,J38.712
diagnoses,J39.200x031,J39.216
diagnoses,J39.200x033,J39.206
diagnoses,J39.800x001,J39.811
diagnoses,J40.x00x011,J40.x00
diagnoses,J41.100x001,J41.100
diagnoses,J43.100x001,J43.100
diagnoses,J43.900x011,J43.900x001
diagnoses,J44.000x001,J44.000
diagnoses,J44.100x001,J44.100
diagnoses,J44.800x011,J44.802
diagnoses,J45.001,J45.002
diagnoses,J45.900x022,J46.x00x008
diagnoses,J45.900x032,J46.x00x009
diagnoses,J45.900x033,J46.x00x010
diagnoses,J45.900x034,J46.x01
diagnoses,J60.x00x001,J60.x00
diagnoses,J63.400x001,J63.400
diagnoses,J63.500x001,J63.500
diagnoses,J64.x00x001,J64.x00
diagnoses,J64.x00x011,J64.x00
diagnoses,J65.x00x002,J65.x00
diagnoses,J66.000x001,J66.000
diagnoses,J66.100x001,J66.100
diagnoses,J66.200x001,J66.200
diagnoses,J67.000x002,J67.000
diagnoses,J67.000x003,J67.000
diagnoses,J67.300x001,J67.300
diagnoses,J67.900x001,J67.900
diagnoses,J67.900x002,J67.900
diagnoses,J68.100x011,J68.101
diagnoses,J69.000x003,J69.000
diagnoses,J80.x00x001,J80.x00
diagnoses,J80.x00x002,J80.x01
diagnoses,J81.x00x001,S27.301
diagnoses,J84.100x012,J84.104
diagnoses,J84.900x002,J84.900
diagnoses,J86.000x021,J86.003
diagnoses,J90.x00x011,J90.x00x003
diagnoses,J90.x00x012,J90.x02
diagnoses,J90.x00x013,J90.x00
diagnoses,J93.001,J93.100x001
diagnoses,J93.002,J93.800x001
diagnoses,J95.000x006,J95.000
diagnoses,J95.800x022,J95.800x016
diagnoses,J96.000x001,J96.000
diagnoses,J96.100x001,J96.100
diagnoses,J96.900,J96.900x001
diagnoses,J96.900x011,J96.900x001
diagnoses,J98.100x001,J98.102
diagnoses,J98.400x021,J98.413
diagnoses,J98.400x022,J98.400x001
diagnoses,J98.400x023,J98.400x016
diagnoses,J98.400x024,J98.414
diagnoses,J98.800x002,J98.700
diagnoses,K00.600x001,K00.603
diagnoses,K00.600x005,K00.604
diagnoses,K00.600x011,K00.604
diagnoses,K02.900x011,K02.900x001
diagnoses,K04.000x011,K04.006
diagnoses,K04.000x012,K04.007
diagnoses,K04.003,K04.000
diagnoses,K04.004,K04.000
diagnoses,K04.005,K04.000
diagnoses,K04.500x001,K04.501
diagnoses,K04.800x001,K04.800
diagnoses,K04.900x001,K04.900
diagnoses,K05.100x009,O99.602
diagnoses,K06.100x011,K06.100
diagnoses,K06.800x021,K06.808
diagnoses,K06.800x022,K06.808
diagnoses,K06.900x001,K06.804
diagnoses,K07.400,K07.400x001
diagnoses,K07.400x002,K07.400x001
diagnoses,K07.400x013,K07.400x001
diagnoses,K07.500x003,K07.500x002
diagnoses,K07.600x004,K07.600x001
diagnoses,K07.900x001,K07.902
diagnoses,K08.100x002,K08.104
diagnoses,K08.100x003,K08.104
diagnoses,K08.800x002,K08.804
diagnoses,K09.000x006,K09.003
diagnoses,K09.000x012,K09.000
diagnoses,K09.000x014,K09.000
diagnoses,K09.001,K09.004
diagnoses,K09.002,K09.000x005
diagnoses,K09.005,K09.000x007
diagnoses,K09.100x007,K09.100x001
diagnoses,K09.100x011,K09.103
diagnoses,K09.101,K09.100x001
diagnoses,K09.102,K09.100x001
diagnoses,K09.103,K09.100x006
diagnoses,K09.104,K09.100x003
diagnoses,K09.105,K09.100x004
diagnoses,K09.106,K09.100x001
diagnoses,K09.107,K09.100x001
diagnoses,K09.800x006,K09.102
diagnoses,K09.802,K09.100x006
diagnoses,K09.803,K09.100x006
diagnoses,K10.200x014,K10.200
diagnoses,K10.200x021,K10.200
diagnoses,K10.900x011,D21.001
diagnoses,K10.900x012,K10.901
diagnoses,K11.000x001,K11.000
diagnoses,K11.100x011,K11.100x002
diagnoses,K11.200x004,K11.211
diagnoses,K11.200x022,K11.207
diagnoses,K11.300x004,K11.303
diagnoses,K11.400x011,K11.404
diagnoses,K11.600x012,K11.605
diagnoses,K11.700x011,K11.701
diagnoses,K11.800x004,K11.806
diagnoses,K11.800x008,K11.800
diagnoses,K11.900x011,K11.903
diagnoses,K12.000x003,K12.002
diagnoses,K12.100x021,K12.002
diagnoses,K12.100x027,K12.114
diagnoses,K12.100x028,K12.112
diagnoses,K12.104,K12.305
diagnoses,K12.200x021,K10.901
diagnoses,K12.200x024,K12.218
diagnoses,K12.200x025,K12.205
diagnoses,K13.000x016,K13.000x018
diagnoses,K13.000x031,L81.400
diagnoses,K13.000x032,K13.006
diagnoses,K13.000x033,K13.000x001
diagnoses,K13.000x034,K13.002
diagnoses,K13.200x008,L81.400
diagnoses,K13.200x021,K13.200x009
diagnoses,K13.200x022,K13.201
diagnoses,K13.400x011,K13.400
diagnoses,K13.600x011,K13.600
diagnoses,K13.600x012,K13.601
diagnoses,K13.600x013,K13.700x001
diagnoses,K13.600x014,K13.603
diagnoses,K13.700x031,K13.700
diagnoses,K13.700x032,K13.705
diagnoses,K13.700x034,K13.700
diagnoses,K13.700x036,K13.706
diagnoses,K13.700x039,K13.704
diagnoses,K14.000x003,K14.004
diagnoses,K14.000x011,K14.002
diagnoses,K14.500x011,K14.500x002
diagnoses,K14.500x012,K14.800x010
diagnoses,K14.500x013,K14.500x001
diagnoses,K14.600x011,K14.600x001
diagnoses,K14.800x004,K14.807
diagnoses,K14.800x021,K14.800x013
diagnoses,K14.800x023,K14.803
diagnoses,K14.900x012,K14.801
diagnoses,K14.900x013,K14.900x004
diagnoses,K14.900x014,K14.901
diagnoses,K20.x00x011,K20.x00
diagnoses,K20.x00x012,K20.x00
diagnoses,K20.x00x013,K20.x00
diagnoses,K22.200x002,K22.209
diagnoses,K22.300x002,K22.301
diagnoses,K22.300x003,K22.301
diagnoses,K22.400x004,K22.401
diagnoses,K22.700,K22.700x001
diagnoses,K22.800x021,K20.x00x006
diagnoses,K22.800x022,K20.x00x006
diagnoses,K22.800x023,K20.x00
diagnoses,K22.800x024,K22.812
diagnoses,K22.800x025,K22.814
diagnoses,K22.800x026,K22.815
diagnoses,K22.900x011,K22.900x001
diagnoses,K25.000x012,K25.000x002
diagnoses,K25.500x002,K25.501
diagnoses,K25.900x005,K31.800x808
diagnoses,K26.000x001,K26.000
diagnoses,K26.400x001,K26.400x003
diagnoses,K26.900x011,K26.900x001
diagnoses,K27.504,K27.500
diagnoses,K27.904,K27.902
diagnoses,K28.500x011,K28.500x001
diagnoses,K28.600x011,K28.900x001
diagnoses,K29.000x011,K29.001
diagnoses,K29.300x002,K29.300
diagnoses,K29.300x003,K29.300
diagnoses,K29.400x001,K29.400
diagnoses,K29.600x011,K29.606
diagnoses,K29.607,K29.603
diagnoses,K29.700x003,K29.603
diagnoses,K29.700x011,K29.700
diagnoses,K31.000x001,K31.000
diagnoses,K31.100x011,K31.103
diagnoses,K31.300x001,K31.300
diagnoses,K31.500x002,K31.501
diagnoses,K31.500x011,K31.502
diagnoses,K31.600x011,K31.609
diagnoses,K31.800x811,K31.815
diagnoses,K31.800x812,K31.100x002
diagnoses,K31.800x813,K31.801
diagnoses,K31.800x814,K31.810
diagnoses,K31.800x815,K31.816
diagnoses,K31.900x012,K31.905
diagnoses,K31.900x013,K31.905
diagnoses,K31.900x014,K31.905
diagnoses,K35.000,K35.200
diagnoses,K35.000x004,K35.201
diagnoses,K35.000x006,K35.200
diagnoses,K35.000x007,K35.200
diagnoses,K35.000x008,K35.201
diagnoses,K35.000x009,K35.201
diagnoses,K35.000x010,K35.201
diagnoses,K35.000x012,K35.300
diagnoses,K35.000x013,K35.300
diagnoses,K35.001,K35.300
diagnoses,K35.002,K35.201
diagnoses,K35.003,K35.201
diagnoses,K35.004,K35.201
diagnoses,K35.100,K35.301
diagnoses,K35.100x004,K35.301
diagnoses,K35.100x011,K35.301
diagnoses,K35.100x012,K36.x02
diagnoses,K35.101,K35.301
diagnoses,K35.102,K35.301
diagnoses,K35.103,K35.301
diagnoses,K35.104,K35.301
diagnoses,K35.900,K35.800x001
diagnoses,K35.900x005,K35.300
diagnoses,K35.900x006,K35.300
diagnoses,K35.901,K35.800x001
diagnoses,K35.902,K35.300
diagnoses,K35.903,K35.800x001
diagnoses,K35.904,K35.300
diagnoses,K35.905,K35.800x001
diagnoses,K35.906,K35.800x001
diagnoses,K35.907,K35.800x001
diagnoses,K40.300x001,K40.300
diagnoses,K40.900x011,K40.900x002
diagnoses,K40.900x012,L72.904
diagnoses,K41.100,K41.100x001
diagnoses,K41.200,K41.200x001
diagnoses,K41.300x011,K41.300x003
diagnoses,K41.400,K41.400x001
diagnoses,K41.900x011,K41.900x001
diagnoses,K43.000,K43.601
diagnoses,K43.000x002,K43.600
diagnoses,K43.000x004,K43.500
diagnoses,K43.000x011,K43.601
diagnoses,K43.000x012,K43.001
diagnoses,K43.000x013,K43.600
diagnoses,K43.000x014,K43.001
diagnoses,K43.000x015,K43.200
diagnoses,K43.000x016,K43.003
diagnoses,K43.001,K43.600
diagnoses,K43.002,K43.003
diagnoses,K43.003,K43.001
diagnoses,K43.100,K43.700
diagnoses,K43.100x003,K43.700
diagnoses,K43.100x011,K43.700
diagnoses,K43.900,K43.600
diagnoses,K43.900x001,K43.603
diagnoses,K43.901,K43.200
diagnoses,K43.902,K43.600
diagnoses,K43.903,K43.200
diagnoses,K45.001,K43.304
diagnoses,K45.100x001,K45.100
diagnoses,K45.800x001,K45.800
diagnoses,K45.803,K43.500
diagnoses,K46.100x002,K46.101
diagnoses,K46.900x011,K46.900x002
diagnoses,K51.004,K51.001
diagnoses,K51.005,K51.001
diagnoses,K51.900x001,K51.900
diagnoses,K51.900x002,K51.900
diagnoses,K52.800x001,K52.102
diagnoses,K52.900x001,K52.910
diagnoses,K52.900x002,A04.702
diagnoses,K52.900x003,A08.000
diagnoses,K52.905,A09.901
diagnoses,K52.906,A09.902
diagnoses,K52.915,A09.900x006
diagnoses,K52.916,A09.900x007
diagnoses,K55.000x021,K55.001
diagnoses,K55.000x022,K55.003
diagnoses,K55.000x023,K55.004
diagnoses,K55.100x011,K55.000
diagnoses,K55.200x011,K55.300
diagnoses,K55.200x012,K55.201
diagnoses,K55.200x021,K55.202
diagnoses,K55.200x022,K55.300
diagnoses,K55.800x011,K66.103
diagnoses,K55.800x012,K55.902
diagnoses,K55.802,K55.300x001
diagnoses,K55.900x001,K55.902
diagnoses,K55.900x002,K55.902
diagnoses,K55.900x003,K57.101
diagnoses,K56.000x001,K56.000
diagnoses,K56.500,K56.500x003
diagnoses,K56.500x011,K56.500x003
diagnoses,K56.502,K56.500x003
diagnoses,K56.600x004,K56.603
diagnoses,K56.600x011,K56.600
diagnoses,K56.700x011,K56.700
diagnoses,K56.700x012,K56.700
diagnoses,K56.700x013,K56.700
diagnoses,K56.702,K56.600x008
diagnoses,K58.000,K58.100
diagnoses,K58.900,K58.801
diagnoses,K58.900x003,K58.801
diagnoses,K58.900x004,K58.800
diagnoses,K58.901,K58.800
diagnoses,K58.902,K58.800
diagnoses,K59.000x001,K59.401
diagnoses,K59.000x002,K59.003
diagnoses,K59.200x011,K59.200x003
diagnoses,K59.300x001,K59.302
diagnoses,K59.400x011,K62.813
diagnoses,K59.800x003,K59.801
diagnoses,K59.800x004,K59.801
diagnoses,K61.100x001,K61.300
diagnoses,K62.000x001,K63.504
diagnoses,K62.300x011,K91.406
diagnoses,K62.300x012,K62.301
diagnoses,K62.800x022,K62.813
diagnoses,K62.900x001,K62.901
diagnoses,K62.900x002,K62.902
diagnoses,K63.100x001,K63.103
diagnoses,K63.106,K62.800x010
diagnoses,K63.200x011,K63.210
diagnoses,K63.300x005,K63.302
diagnoses,K63.300x011,K63.303
diagnoses,K63.400x001,K63.402
diagnoses,K63.800x003,K63.801
diagnoses,K63.800x011,K62.811
diagnoses,K63.800x012,K66.103
diagnoses,K63.800x013,K63.815
diagnoses,K63.811,K63.900x001
diagnoses,K65.000x005,K65.002
diagnoses,K65.000x009,K65.001
diagnoses,K65.800x008,K65.801
diagnoses,K65.800x011,K65.000
diagnoses,K65.800x012,K65.805
diagnoses,K65.800x013,K65.807
diagnoses,K66.800x011,K66.800
diagnoses,K66.800x012,K66.801
diagnoses,K66.800x013,K66.803
diagnoses,K66.800x014,K66.808
diagnoses,K66.800x015,S30.100
diagnoses,K66.800x016,K66.802
diagnoses,K66.800x017,K66.805
diagnoses,K66.804,K65.804
diagnoses,K70.300x004+I98.2*,K70.303+I98.2*
diagnoses,K70.300x005+I98.3*,K70.305+I98.3*
diagnoses,K70.300x006+I98.2*,K70.304+I98.2*
diagnoses,K70.300x007+I98.3*,K70.306+I98.3*
diagnoses,K70.300x008,K70.300
diagnoses,K70.300x011,K70.300
diagnoses,K71.000x011,K71.000x002
diagnoses,K71.100x001,K71.103
diagnoses,K71.100x011,K71.101
diagnoses,K71.100x012,K71.102
diagnoses,K71.100x013,K71.104
diagnoses,K71.200,K71.200x001
diagnoses,K71.300,K71.300x001
diagnoses,K71.400,K71.400x001
diagnoses,K71.500,K71.500x001
diagnoses,K71.600x011,K71.600
diagnoses,K71.700x011,K71.700
diagnoses,K72.000x011,K72.004
diagnoses,K72.000x012,B17.902
diagnoses,K72.000x014,K72.003
diagnoses,K72.000x015,K72.004
diagnoses,K72.000x016,K72.005
diagnoses,K72.903,K72.900x003+G94.3*
diagnoses,K72.905,K76.800x006
diagnoses,K73.200x001,K75.401
diagnoses,K73.200x011,K75.401
diagnoses,K73.900x001,K74.608
diagnoses,K74.300x011+I98.2,K74.300
diagnoses,K74.300x012+I98.3,K74.301+I98.2*
diagnoses,K74.300x013,K74.300x006+I98.3*
diagnoses,K74.400x001,K74.400
diagnoses,K74.500x001,K74.500
diagnoses,K74.600x018,K74.608
diagnoses,K74.600x022,K74.612
diagnoses,K74.600x023,K74.600x003
diagnoses,K74.600x024,K74.600x003
diagnoses,K74.600x026,K74.600x003
diagnoses,K74.600x028,K74.600x002
diagnoses,K74.600x032,K74.612
diagnoses,K74.600x033,K74.612
diagnoses,K74.600x035,K74.612
diagnoses,K74.600x036,K74.612
diagnoses,K74.600x037,K74.612
diagnoses,K74.600x038,K74.600x003
diagnoses,K74.600x039,K74.600x003
diagnoses,K74.600x040,K74.600x003
diagnoses,K74.600x041,K74.608
diagnoses,K74.600x042,K74.608
diagnoses,K74.600x043,K74.612
diagnoses,K74.600x044,K74.612
diagnoses,K74.600x045,K74.612
diagnoses,K74.600x046,K74.608
diagnoses,K74.600x047,K74.608
diagnoses,K74.600x048,K74.614
diagnoses,K74.622,B65.202+K77.0*
diagnoses,K75.300x011,K75.300
diagnoses,K75.400x001,K75.401
diagnoses,K75.800x004,K75.805
diagnoses,K75.800x011,K76.102
diagnoses,K76.000x002,K75.806
diagnoses,K76.000x011,K76.000
diagnoses,K76.000x012,K76.000
diagnoses,K76.100x001,K76.102
diagnoses,K76.100x011,K76.102
diagnoses,K76.600x011,I82.000x001
diagnoses,K76.600x012,K76.603
diagnoses,K76.800x024,K76.811
diagnoses,K76.800x025,J94.804
diagnoses,K76.800x027,K76.801
diagnoses,K76.800x028,K76.801
diagnoses,K76.800x029,K76.818
diagnoses,K76.800x030,K76.819
diagnoses,K76.900x003,K76.900x002
diagnoses,K76.900x011,K73.900
diagnoses,K80.400x007,K80.404
diagnoses,K80.500x011,K80.502
diagnoses,K80.800x011,K80.801
diagnoses,K82.100x001,K82.101
diagnoses,K82.400x001,K82.400
diagnoses,K82.800x011,K82.801
diagnoses,K82.800x012,K82.800x009
diagnoses,K82.800x013,K82.803
diagnoses,K83.003,K83.005
diagnoses,K85.000x001,K85.803
diagnoses,K85.800x005,K85.900x002
diagnoses,K85.800x011,K85.900x002
diagnoses,K85.800x012,K85.818
diagnoses,K85.800x013,K85.800x001
diagnoses,K85.800x014,K85.800x001
diagnoses,K85.800x015,K85.818
diagnoses,K85.800x016,K85.900x002
diagnoses,K85.800x017,K85.902
diagnoses,K85.800x018,K85.902
diagnoses,K85.800x019,K85.800x003
diagnoses,K85.800x020,K85.800x003
diagnoses,K85.900x002,K85.900x003
diagnoses,K86.100x011,K86.100x001
diagnoses,K86.100x012,K86.103
diagnoses,K86.800x003,K86.812
diagnoses,K86.900x001,K86.901
diagnoses,K90.000x003,K90.000
diagnoses,K90.000x011,K90.000
diagnoses,K90.200x011,K90.200x001
diagnoses,K90.400x011,K90.400
diagnoses,K91.200x011,K91.200x002
diagnoses,K91.300x011,K91.300
diagnoses,K91.400x013,K43.500
diagnoses,K91.800x108,K91.819
diagnoses,K91.800x302,K91.827
diagnoses,K91.800x304,K91.822
diagnoses,K91.800x704,K91.829
diagnoses,K91.800x705,K91.802
diagnoses,K91.800x706,K91.802
diagnoses,K91.800x707,K91.804
diagnoses,K91.800x709,K91.820
diagnoses,K91.800x711,K91.832
diagnoses,K92.200x011,K92.201
diagnoses,K92.200x012,K25.000x002
diagnoses,K92.200x013,K27.401
diagnoses,K92.800x021,K92.801
diagnoses,K92.800x022,K92.801
diagnoses,L01.000x001,L01.000x013
diagnoses,L01.000x006,L01.006
diagnoses,L02.000x001,L02.000
diagnoses,L02.000x002,L02.000
diagnoses,L02.000x003,L02.000
diagnoses,L02.000x004,L02.000
diagnoses,L02.000x005,L02.000
diagnoses,L02.100x001,L02.100
diagnoses,L02.100x002,L02.100
diagnoses,L02.100x003,L02.100
diagnoses,L02.200x005,L02.200
diagnoses,L02.200x006,L02.200
diagnoses,L02.200x007,L02.200
diagnoses,L02.200x008,L02.206
diagnoses,L02.300x001,L02.300
diagnoses,L02.300x002,L02.300
diagnoses,L02.400x002,L02.403
diagnoses,L02.400x003,L02.403
diagnoses,L02.400x004,L02.403
diagnoses,L02.400x005,L02.403
diagnoses,L02.400x006,L02.403
diagnoses,L02.400x007,L02.403
diagnoses,L02.400x008,L02.402
diagnoses,L02.400x009,L02.402
diagnoses,L02.400x010,L02.402
diagnoses,L02.400x011,L02.402
diagnoses,L02.400x012,L02.402
diagnoses,L02.400x013,L02.402
diagnoses,L02.400x014,L02.403
diagnoses,L02.400x015,L02.403
diagnoses,L02.400x016,L02.403
diagnoses,L02.400x017,L02.403
diagnoses,L02.400x018,L02.403
diagnoses,L02.900x003,L02.901
diagnoses,L03.000x013,L03.000
diagnoses,L03.000x014,L03.004
diagnoses,L03.000x016,L03.003
diagnoses,L03.000x021,L03.003
diagnoses,L03.000x081,L03.003
diagnoses,L03.100x003,L03.103
diagnoses,L03.100x013,L03.109
diagnoses,L03.100x014,L03.108
diagnoses,L03.100x017,L03.107
diagnoses,L03.200x001,L03.200
diagnoses,L03.200x002,L03.200
diagnoses,L03.300x007,L03.300
diagnoses,L03.800x001,L03.800
diagnoses,L04.100x001,L04.100
diagnoses,L04.200x001,L04.200
diagnoses,L04.300x001,L04.300
diagnoses,L04.900x001,L04.901
diagnoses,L04.900x006,L04.900
diagnoses,L04.900x008,L04.902
diagnoses,L05.900x001,L05.900
diagnoses,L05.900x002,L05.900
diagnoses,L05.900x003,L05.900
diagnoses,L08.800x004,L08.802
diagnoses,L08.900x002,L08.901
diagnoses,L08.900x004,L08.904
diagnoses,L08.900x006,L08.903
diagnoses,L08.900x007,L08.900
diagnoses,L08.900x012,L08.903
diagnoses,L08.900x013,L08.905
diagnoses,L08.900x015,L08.903
diagnoses,L08.900x017,L08.904
diagnoses,L08.900x018,L08.900
diagnoses,L08.900x021,L08.900
diagnoses,L08.900x022,L08.910
diagnoses,L08.900x023,L08.901
diagnoses,L08.900x024,L08.904
diagnoses,L08.900x026,L08.910
diagnoses,L08.900x027,L08.910
diagnoses,L10.301,L10.300
diagnoses,L10.800x002,L10.800x001
diagnoses,L10.800x003,L10.800
diagnoses,L11.100x001,L11.100
diagnoses,L11.800x001,L11.800
diagnoses,L11.800x002,L11.800
diagnoses,L12.001,L13.000
diagnoses,L12.100x001,L12.100
diagnoses,L12.200x002,L12.200
diagnoses,L12.800x001,L12.800
diagnoses,L12.800x002,L12.800
diagnoses,L13.800x001,L12.202
diagnoses,L13.800x002,L12.202
diagnoses,L13.900x001,L13.900
diagnoses,L20.800x006,L20.802
diagnoses,L20.805,L20.801
diagnoses,L20.900x002,L20.900
diagnoses,L20.900x003,L20.900
diagnoses,L21.100x002,L21.100
diagnoses,L21.900x003,L21.800
diagnoses,L22.x00x002,L22.x00
diagnoses,L22.x02,L22.x00
diagnoses,L23.500x005,L23.500
diagnoses,L23.900x001,L23.900
diagnoses,L24.500x001,L24.500
diagnoses,L24.700x002,L24.700
diagnoses,L24.800x002,L24.800x001
diagnoses,L24.800x003,L24.800
diagnoses,L24.800x004,L24.800
diagnoses,L24.800x005,L24.800
diagnoses,L24.800x006,L24.800
diagnoses,L24.800x007,L24.800
diagnoses,L24.800x008,L24.800
diagnoses,L24.900x002,L24.900
diagnoses,L25.300x001,L25.300
diagnoses,L25.300x002,L25.300
diagnoses,L25.300x003,L25.300
diagnoses,L25.300x004,L25.300
diagnoses,L25.800x001,L25.800
diagnoses,L25.900x002,L25.900
diagnoses,L25.900x003,L25.900
diagnoses,L25.900x005,L25.900
diagnoses,L26.x00x002,L26.x00
diagnoses,L27.000x003,L27.005
diagnoses,L27.900x001,L27.005
diagnoses,L28.000x001,L28.000
diagnoses,L28.000x004,L28.003
diagnoses,L28.000x005,L28.002
diagnoses,L28.200x002,L28.200
diagnoses,L29.300x001,L29.300
diagnoses,L29.800x003,L29.800
diagnoses,L29.900x001,L29.900
diagnoses,L30.000x001,L30.000
diagnoses,L30.300x001,L30.300
diagnoses,L30.302,L30.902
diagnoses,L30.400x002,L30.400
diagnoses,L30.500x002,L30.500
diagnoses,L30.800x008,L30.800
diagnoses,L30.800x010,L30.800
diagnoses,L30.800x011,L30.800
diagnoses,L30.800x012,L30.800
diagnoses,L30.800x013,L30.800
diagnoses,L30.800x014,L30.800
diagnoses,L30.800x015,L30.800
diagnoses,L30.800x016,L30.800
diagnoses,L30.800x017,L30.800
diagnoses,L30.800x018,L30.800
diagnoses,L30.805,L30.902
diagnoses,L40.100x003,L40.100
diagnoses,L40.500x001+M07.3*,L40.500
diagnoses,L40.800x002+N05.9*,L40.800
diagnoses,L40.800x004,L40.800
diagnoses,L41.000x001,L41.000
diagnoses,L41.001,L41.000x002
diagnoses,L41.200,C86.601
diagnoses,L44.800x001,L44.800
diagnoses,L44.800x002,L44.800
diagnoses,L44.800x003,L44.200
diagnoses,L50.301,L50.300
diagnoses,L50.800x003,L50.801
diagnoses,L51.101,L51.100
diagnoses,L51.200x002,L51.200
diagnoses,L51.800x001,L51.802
diagnoses,L51.900x003,L51.802
diagnoses,L52.x01,L52.x00
diagnoses,L53.800x004,L53.800
diagnoses,L53.800x006,L53.800
diagnoses,L53.900x001,L53.900
diagnoses,L53.900x003,L53.800
diagnoses,L53.900x004,L53.800
diagnoses,L55.800x001,L55.800
diagnoses,L55.800x002,L55.800
diagnoses,L55.900x001,L55.900
diagnoses,L56.200x001,L56.200
diagnoses,L57.002,L57.000
diagnoses,L57.003,L57.000
diagnoses,L57.400x002,L98.701
diagnoses,L57.400x003,L98.701
diagnoses,L57.400x004,L98.701
diagnoses,L57.400x005,L98.701
diagnoses,L57.401,L98.700x001
diagnoses,L57.402,L98.701
diagnoses,L57.800x003,L57.001
diagnoses,L57.800x011,L57.803
diagnoses,L59.000x002,L59.000
diagnoses,L59.800x001,L59.801
diagnoses,L60.100x001,L60.100
diagnoses,L60.100x002,L60.100
diagnoses,L60.200x003,L60.200
diagnoses,L60.300x003,L60.300
diagnoses,L60.300x004,L60.300
diagnoses,L60.900x001,L60.300
diagnoses,L63.100x001,L63.100
diagnoses,L63.900x002,L63.900
diagnoses,L65.000x001,L65.000
diagnoses,L66.300x001,L66.300
diagnoses,L70.000x006,L70.000
diagnoses,L72.000x002,L72.000
diagnoses,L72.000x003,L72.000
diagnoses,L72.100x002,L72.100
diagnoses,L72.100x004,L72.100
diagnoses,L72.100x005,L72.102
diagnoses,L72.200x001,L72.200
diagnoses,L73.800x008,L73.804
diagnoses,L73.900x001,L73.800
diagnoses,L73.900x002,L73.800
diagnoses,L74.100x001,L74.100
diagnoses,L74.200x001,L74.200
diagnoses,L74.200x002,L74.200
diagnoses,L74.300x001,L74.300
diagnoses,L74.401,L74.400
diagnoses,L75.000x001,L75.000
diagnoses,L75.200x001,L75.201
diagnoses,L75.200x011,L75.201
diagnoses,L81.400x009,L81.402
diagnoses,L81.400x010,L81.402
diagnoses,L81.500x001,L81.500
diagnoses,L81.500x002,L81.500
diagnoses,L81.500x003,L81.500
diagnoses,L81.500x004,L81.500
diagnoses,L81.500x005,L81.500
diagnoses,L81.600x002,L81.600
diagnoses,L81.600x003,L81.600
diagnoses,L81.800x002,L81.802
diagnoses,L81.900x001,L81.800
diagnoses,L81.900x002,L81.800
diagnoses,L82.x00x001,L82.x00
diagnoses,L82.x00x005,L82.x00
diagnoses,L82.x03,L82.x00
diagnoses,L85.100x001,L85.100
diagnoses,L85.100x002,L85.100
diagnoses,L85.300x001,L85.300
diagnoses,L85.800x003,L85.800
diagnoses,L85.800x006,L85.800
diagnoses,L85.802,Q82.803
diagnoses,L88.x00x003,L88.x00
diagnoses,L88.x01,L88.x00
diagnoses,L88.x02,L88.x00
diagnoses,L89.000x001,L89.001
diagnoses,L89.000x002,L89.002
diagnoses,L89.000x003,L89.003
diagnoses,L89.000x004,L89.004
diagnoses,L89.000x005,L89.005
diagnoses,L89.000x006,L89.006
diagnoses,L89.000x007,L89.007
diagnoses,L89.000x008,L89.008
diagnoses,L89.100x001,L89.101
diagnoses,L89.100x002,L89.102
diagnoses,L89.100x003,L89.103
diagnoses,L89.100x004,L89.104
diagnoses,L89.100x005,L89.105
diagnoses,L89.100x006,L89.106
diagnoses,L89.100x007,L89.107
diagnoses,L89.100x008,L89.108
diagnoses,L89.200x001,L89.201
diagnoses,L89.200x002,L89.202
diagnoses,L89.200x003,L89.203
diagnoses,L89.200x004,L89.204
diagnoses,L89.200x005,L89.205
diagnoses,L89.200x006,L89.206
diagnoses,L89.200x007,L89.207
diagnoses,L89.200x008,L89.208
diagnoses,L89.300x001,L89.301
diagnoses,L89.300x002,L89.302
diagnoses,L89.300x003,L89.303
diagnoses,L89.300x004,L89.304
diagnoses,L89.300x005,L89.305
diagnoses,L89.300x006,L89.306
diagnoses,L89.300x007,L89.307
diagnoses,L89.300x008,L89.308
diagnoses,L90.400x001,L90.400
diagnoses,L90.500x005,L90.500x006
diagnoses,L90.500x068,N90.802
diagnoses,L90.500x069,N90.800x024
diagnoses,L90.500x070,N90.800x025
diagnoses,L90.800x002,L90.800
diagnoses,L90.800x004,L90.800
diagnoses,L90.800x005,L90.800
diagnoses,L90.800x006,L90.803
diagnoses,L90.800x007,L90.805
diagnoses,L90.900x011,L90.501
diagnoses,L90.900x012,L90.500x060
diagnoses,L90.900x013,L90.500x031
diagnoses,L90.900x014,L90.500x048
diagnoses,L90.900x015,L90.500x038
diagnoses,L90.900x016,L90.501
diagnoses,L91.000,L91.001
diagnoses,L91.000x001,L91.001
diagnoses,L91.800x001,L91.801
diagnoses,L91.900x001,L91.800
diagnoses,L91.900x002,L91.800
diagnoses,L91.900x003,L91.800
diagnoses,L91.900x004,L91.800
diagnoses,L91.900x005,L91.800
diagnoses,L91.900x006,L91.800
diagnoses,L91.900x007,L91.800
diagnoses,L92.001,L92.000
diagnoses,L92.200x001,L92.200
diagnoses,L92.200x002,L92.200
diagnoses,L92.200x003,L92.200
diagnoses,L92.200x004,L92.200
diagnoses,L92.800x001,L92.800
diagnoses,L92.900x002,L92.903
diagnoses,L92.900x003,L92.800
diagnoses,L93.000x002,L93.000
diagnoses,L93.200x001,L93.200
diagnoses,L94.000x002,L94.000
diagnoses,L94.000x003,L94.000
diagnoses,L94.000x004,L94.000
diagnoses,L94.000x005,L94.000
diagnoses,L94.200x001,L94.200
diagnoses,L94.300x001,L94.300
diagnoses,L95.000x002,L95.000
diagnoses,L95.000x011,L95.000
diagnoses,L95.001,L95.000
diagnoses,L95.800x002,L95.800
diagnoses,L95.800x003,L95.800
diagnoses,L95.800x011,L95.801
diagnoses,L97.x00x002,L97.x00
diagnoses,L98.200x002,L98.200
diagnoses,L98.300x001,L98.300
diagnoses,L98.400x001,L98.400
diagnoses,L98.400x002,L98.400
diagnoses,L98.400x003,L98.400
diagnoses,L98.400x004,L98.400
diagnoses,L98.400x006,L98.400
diagnoses,L98.400x008,L98.400
diagnoses,L98.400x009,L98.400
diagnoses,L98.500x001,L98.503
diagnoses,L98.800x006,L30.804
diagnoses,L98.800x019,L98.800
diagnoses,L98.900x001,L98.900x002
diagnoses,M00.000x001,M00.000x092
diagnoses,M06.000x001,M06.003
diagnoses,M06.900x001,M06.900
diagnoses,M10.000x101,M10.000
diagnoses,M10.101,M10.002
diagnoses,M10.300x091,M10.300
diagnoses,M12.800x081,M12.801
diagnoses,M13.800x094,M13.800x001
diagnoses,M13.801,M13.800x001
diagnoses,M17.400x001,M17.400
diagnoses,M18.900x001,M18.900
diagnoses,M18.900x011,M19.900x093
diagnoses,M18.900x012,M19.900x094
diagnoses,M18.900x013,M19.900x095
diagnoses,M18.900x014,M19.900x096
diagnoses,M18.900x015,M19.900x097
diagnoses,M19.900x091,M19.900
diagnoses,M20.000x012,M20.000x011
diagnoses,M20.101,M20.100x001
diagnoses,M20.102,M20.100x002
diagnoses,M20.300x001,M20.301
diagnoses,M20.300x011,M20.302
diagnoses,M20.500x001,M20.504
diagnoses,M20.500x002,M20.501
diagnoses,M24.400x001,M24.416
diagnoses,M24.400x002,M24.417
diagnoses,M24.600x041,M24.605
diagnoses,M24.800x051,M65.806
diagnoses,M25.000x011,M25.001
diagnoses,M25.000x021,M25.002
diagnoses,M25.000x031,M25.003
diagnoses,M25.000x051,M25.005
diagnoses,M25.000x061,M25.006
diagnoses,M25.000x071,M25.007
diagnoses,M25.300x001,M25.301
diagnoses,M25.300x002,M25.301
diagnoses,M25.300x003,M25.301
diagnoses,M30.100x011,M30.101
diagnoses,M31.000x003,M31.000x002
diagnoses,M31.200,C86.000
diagnoses,M31.200x003,C86.000
diagnoses,M31.200x004,C86.000
diagnoses,M31.200x011,C86.000
diagnoses,M31.201,C86.000
diagnoses,M31.300x004,M31.305+N08.5*
diagnoses,M31.303+N08.5*,M31.305+N08.5*
diagnoses,M31.600x001,M31.600
diagnoses,M31.800x001,M31.803
diagnoses,M31.900x002,M31.900x001
diagnoses,M32.100x001,M32.101+N08.5*
diagnoses,M32.100x006+I39.8*,M32.109+I39.8*
diagnoses,M32.100x007,M32.103+J99.1*
diagnoses,M32.100x008,M32.106+G63.5*
diagnoses,M32.100x014+G73.7*,M32.110+G73.7*
diagnoses,M32.100x018+K93.8*,M32.112+K93.8*
diagnoses,M32.100x021,M32.116+F02.8*
diagnoses,M33.100x005,M33.104
diagnoses,M33.200x001,M33.200
diagnoses,M34.000x001,M34.000
diagnoses,M34.200x001,M34.200
diagnoses,M34.200x002,M34.200
diagnoses,M34.800x003+J99.1*,M34.801+J99.1*
diagnoses,M34.800x008+G73.7*,M34.800x002+G73.7*
diagnoses,M34.800x011,M34.806+G63.5*
diagnoses,M35.000x003,M35.002+J99.1*
diagnoses,M35.200x001,M35.200
diagnoses,M35.600x001,M35.600
diagnoses,M35.900x005,M35.906
diagnoses,M40.200x091,M40.201
diagnoses,M41.500x051,M41.500
diagnoses,M45.x00x001,M45.x03+H22.1*
diagnoses,M46.300x091,M46.300
diagnoses,M46.801,M46.500x092
diagnoses,M47.900x021,M47.801
diagnoses,M48.500x091,M48.500x092
diagnoses,M48.800x023,M48.808
diagnoses,M48.800x042,M48.808
diagnoses,M48.800x051,M48.806
diagnoses,M48.900x001,M48.902
diagnoses,M50.900x001,M50.900
diagnoses,M51.000x001+G99.2*,M51.003+G99.2*
diagnoses,M51.100x001,M51.100x002+G55.1*
diagnoses,M51.100x002+G55.1*,M51.105+G55.1*
diagnoses,M51.100x003,M51.101+G55.1*
diagnoses,M51.100x004,M51.103+G55.1*
diagnoses,M51.200x003,M51.202
diagnoses,M54.100x001,M54.105
diagnoses,M54.100x022,M54.101
diagnoses,M54.100x041,M54.102
diagnoses,M54.100x061,M54.103
diagnoses,M60.000x094,M60.000x093
diagnoses,M61.200x091,M61.201
diagnoses,M61.300x091,M61.301
diagnoses,M62.400x001,M62.400
diagnoses,M62.400x011,M62.400
diagnoses,M62.500x001,M62.513
diagnoses,M62.600x091,M62.600
diagnoses,M65.800x101,M65.805
diagnoses,M67.300x051,M67.302
diagnoses,M67.800x101,M67.803
diagnoses,M70.300x001,M70.301
diagnoses,M70.600x002,M70.600x001
diagnoses,M71.000x101,M71.000
diagnoses,M72.900x001,M72.921
diagnoses,M75.100x001,M75.103
diagnoses,M75.100x002,M75.101
diagnoses,M76.600x001,M76.600
diagnoses,M76.600x002,M76.600
diagnoses,M76.800x051,M76.801
diagnoses,M77.002,M77.001
diagnoses,M77.400x001,M77.400
diagnoses,M77.500x001,M77.500
diagnoses,M77.500x002,M77.500
diagnoses,M79.600x001,M79.600
diagnoses,M81.900x092,M81.900
diagnoses,M84.000x101,M84.000
diagnoses,M85.000x003,M85.000x011
diagnoses,M85.000x005,M85.000x082
diagnoses,M85.000x006,M85.000x031
diagnoses,M85.000x009,M85.000x052
diagnoses,M85.000x010,M85.000x053
diagnoses,M85.000x091,M85.001
diagnoses,M85.200x001,M85.200
diagnoses,M85.600x101,M85.600x052
diagnoses,M85.600x102,M85.600x092
diagnoses,M86.900x002,M86.900
diagnoses,M86.900x003,M86.900
diagnoses,M86.900x101,M86.909
diagnoses,M86.900x102,M86.911
diagnoses,M87.100x001,M87.100
diagnoses,M87.300x001,M87.300
diagnoses,M87.800x102,M92.701
diagnoses,M89.500x092,M89.500
diagnoses,M91.000x052,M91.003
diagnoses,M91.000x053,M91.004
diagnoses,M91.900x001,M91.900
diagnoses,M91.900x002,M91.900
diagnoses,M92.100x001,M92.102
diagnoses,M92.400x002,M92.400
diagnoses,M92.400x003,M92.400
diagnoses,M92.500x002,M92.503
diagnoses,M92.500x003,M92.503
diagnoses,M92.603,M92.600x002
diagnoses,M95.200x004,M95.206
diagnoses,M95.400x002,M95.405
diagnoses,M95.400x005,M95.407
diagnoses,M96.000x001,M96.001
diagnoses,M99.000x001,M99.000
diagnoses,M99.000x002,M99.000
diagnoses,M99.600x001,M99.600
diagnoses,M99.600x002,M99.600
diagnoses,M99.700x001,M99.700x002
diagnoses,N00.800x004,N00.802
diagnoses,N00.900x004,N00.901
diagnoses,N00.900x007,N00.902
diagnoses,N02.800x002,N02.801
diagnoses,N02.900x011,N02.900
diagnoses,N02.903,N02.802
diagnoses,N03.300x002,N03.300x001
diagnoses,N03.500x001,N03.503
diagnoses,N03.500x002,N03.503
diagnoses,N03.900x001,N03.901
diagnoses,N04.000x002,N04.001
diagnoses,N04.200x002,N04.200x001
diagnoses,N05.100x001,N05.101
diagnoses,N05.100x004,N05.101
diagnoses,N05.200x002,N05.201
diagnoses,N05.500x002,N05.501
diagnoses,N05.700x001,N05.701
diagnoses,N05.800x003,N05.803
diagnoses,N05.800x004,N05.803
diagnoses,N05.800x005,N05.803
diagnoses,N05.900x008,N05.900
diagnoses,N07.900x002,N07.900x001
diagnoses,N10.x00x002,N10.x02
diagnoses,N10.x00x003,N10.x01
diagnoses,N12.x00x004,N12.x02
diagnoses,N12.x00x005,N12.x00
diagnoses,N12.x00x006,N12.x03
diagnoses,N12.x00x007,N12.x01
diagnoses,N12.x00x008,N12.x01
diagnoses,N13.300x003,N13.301
diagnoses,N13.300x011,N13.302
diagnoses,N13.500x006,K66.201
diagnoses,N13.500x009,N13.501
diagnoses,N13.505,K66.201
diagnoses,N13.600x003,N13.603
diagnoses,N14.200x002,N14.201
diagnoses,N14.200x003,N14.201
diagnoses,N17.100x002,N17.100
diagnoses,N17.100x003,N17.101
diagnoses,N17.800x001,N17.800
diagnoses,N17.800x002,N17.800
diagnoses,N17.800x003,N17.800
diagnoses,N18.000,N18.501
diagnoses,N18.000x001,N18.902
diagnoses,N18.001,N18.500
diagnoses,N18.002+D63.8*,N18.500x001+D63.8*
diagnoses,N18.800,N18.902
diagnoses,N18.800x004,N18.506+I32.8*
diagnoses,N18.800x005,N18.506+I32.8*
diagnoses,N18.800x013,N18.504+H32.8*
diagnoses,N18.800x014,N18.902
diagnoses,N18.800x015,N18.902
diagnoses,N18.800x016,N18.505+I68.8*
diagnoses,N18.800x017,N18.900x012+D63.8*
diagnoses,N18.800x018,N18.902
diagnoses,N18.800x019,N18.902
diagnoses,N18.800x020,N18.902
diagnoses,N18.800x021,N18.506+I32.8*
diagnoses,N18.801,N18.100
diagnoses,N18.802,N18.200
diagnoses,N18.803,N18.300
diagnoses,N18.804,N18.400
diagnoses,N18.805+J99.8*,N18.501
diagnoses,N18.806+G94.8*,N18.505+I68.8*
diagnoses,N18.807+G63.8*,N18.503+G63.8*
diagnoses,N18.808+I32.8*,N18.506+I32.8*
diagnoses,N18.809+I43.8*,N18.506+I32.8*
diagnoses,N18.810+D63.8*,N18.900x012+D63.8*
diagnoses,N18.900,N18.902
diagnoses,N18.900x001,N18.902
diagnoses,N18.900x003,N18.902
diagnoses,N18.900x004,N18.901
diagnoses,N18.900x005,N18.904
diagnoses,N18.900x007,N18.902
diagnoses,N18.900x011,N18.904
diagnoses,N18.900x012,N18.902
diagnoses,N18.900x013,N18.902
diagnoses,N19.x00x002,N19.x03
diagnoses,N20.000x002,N20.000
diagnoses,N20.100x002,N20.100
diagnoses,N20.200,N20.200x001
diagnoses,N20.900x001,N20.900
diagnoses,N25.000x006,N25.002+M90.8*
diagnoses,N25.000x007,N25.002+M90.8*
diagnoses,N25.000x011,N25.004
diagnoses,N26.x00x001,N26.x00
diagnoses,N28.000x003,N28.003
diagnoses,N28.000x007,N28.004
diagnoses,N28.800x002,N28.817
diagnoses,N28.800x004,N28.817
diagnoses,N28.800x005,N28.834
diagnoses,N28.800x007,N28.834
diagnoses,N28.800x020,N28.810
diagnoses,N28.800x024,N28.803
diagnoses,N28.800x027,N28.825
diagnoses,N28.800x028,N28.819
diagnoses,N28.800x029,N28.828
diagnoses,N28.800x030,N28.839
diagnoses,N28.900x011,N28.901
diagnoses,N28.900x012,N28.900x013
diagnoses,N28.900x014,N28.900x013
diagnoses,N28.900x015,N28.900x013
diagnoses,N28.900x016,N28.900x013
diagnoses,N28.900x018,N28.900x013
diagnoses,N28.900x019,N28.900x013
diagnoses,N28.900x020,N28.900x013
diagnoses,N28.900x021,N28.900x013
diagnoses,N28.900x022,N28.900x013
diagnoses,N28.900x023,N28.900x013
diagnoses,N28.900x024,N28.900x013
diagnoses,N28.900x025,N28.901
diagnoses,N30.100x002,N30.100
diagnoses,N30.800x002,N30.810
diagnoses,N31.900x002,N31.901
diagnoses,N32.000x004,N32.002
diagnoses,N32.200x001,N32.200
diagnoses,N32.800x020,N32.813
diagnoses,N34.000x001,N34.002
diagnoses,N34.000x002,N34.001
diagnoses,N34.000x003,N34.000
diagnoses,N34.200x002,N34.204
diagnoses,N34.300x001,N34.300
diagnoses,N35.900x003,N35.901
diagnoses,N36.800x002,N36.807
diagnoses,N36.800x003,N36.806
diagnoses,N39.000x003,N39.000
diagnoses,N39.200x001,N39.200
diagnoses,N39.300x001,N39.300
diagnoses,N39.400x002,N39.400
diagnoses,N39.800x001,N39.800
diagnoses,N39.800x011,N39.800
diagnoses,N41.000x002,N41.000
diagnoses,N42.803,N42.300
diagnoses,N43.000x001,N43.000
diagnoses,N43.200x002,N43.300
diagnoses,N43.300x002,N43.302
diagnoses,N43.300x003,N43.301
diagnoses,N44.x00x001,N44.x01
diagnoses,N45.000x003,N45.001
diagnoses,N45.900x001,N45.906
diagnoses,N45.900x002,N45.906
diagnoses,N46.x00x005,N46.x01
diagnoses,N46.x00x006,N46.x01
diagnoses,N48.100x004,N48.100
diagnoses,N48.100x005,N48.102
diagnoses,N48.200x003,N48.204
diagnoses,N48.200x004,N48.201
diagnoses,N48.200x005,N48.203
diagnoses,N48.200x006,N48.204
diagnoses,N48.400x002,N48.402
diagnoses,N48.400x003,N48.400
diagnoses,N48.400x004,N48.401
diagnoses,N48.600x002,N48.600
diagnoses,N48.600x003,N48.600
diagnoses,N48.800x007,N48.810
diagnoses,N48.800x011,N48.800x009
diagnoses,N50.100x005,N50.103
diagnoses,N50.800x017,N50.805
diagnoses,N50.800x030,N50.820
diagnoses,N50.800x031,N50.822
diagnoses,N60.400x001,N60.400
diagnoses,N60.800,N60.801
diagnoses,N61.x00x003,N61.x03
diagnoses,N61.x00x006,N61.x02
diagnoses,N61.x00x008,N61.x04
diagnoses,N62.x00x003,N62.x02
diagnoses,N62.x00x005,N62.x00x004
diagnoses,N64.500x003,N64.501
diagnoses,N64.900x001,N63.x00
diagnoses,N70.000x004,N70.001
diagnoses,N70.100x005,N70.103
diagnoses,N70.100x007,N70.103
diagnoses,N70.100x008,N70.103
diagnoses,N70.100x009,N70.103
diagnoses,N70.900x009,N70.903
diagnoses,N70.900x010,N70.902
diagnoses,N71.900x004,N71.901
diagnoses,N72.x00x001,N72.x02
diagnoses,N72.x00x002,N72.x00x003
diagnoses,N73.000x003,N73.001
diagnoses,N73.100x001,N73.103
diagnoses,N73.600x011,N73.606
diagnoses,N73.900x004,N73.902
diagnoses,N76.200x003,N76.200
diagnoses,N76.400x001,N76.400
diagnoses,N76.400x002,N76.400
diagnoses,N76.600x002,N76.600
diagnoses,N76.800x001,N76.802
diagnoses,N80.000x001,N80.000
diagnoses,N80.000x002,N80.000
diagnoses,N80.000x003,N80.001
diagnoses,N80.100x003,N80.100
diagnoses,N80.400x001,N80.401
diagnoses,N80.400x002,N80.401
diagnoses,N80.600x002,N80.600
diagnoses,N80.800x011,N80.809
diagnoses,N81.100x002,N81.101
diagnoses,N81.100x004,N81.100
diagnoses,N82.100x003,N82.103
diagnoses,N82.100x004,N82.100x001
diagnoses,N82.300x001,N82.303
diagnoses,N82.400x002,N82.401
diagnoses,N82.800x001,N82.801
diagnoses,N83.100x005,N83.101
diagnoses,N83.200x004,N83.201
diagnoses,N83.500x003,N83.501
diagnoses,N83.500x006,N83.504
diagnoses,N83.800x006,N83.809
diagnoses,N83.800x010,N83.810
diagnoses,N83.900x002,N83.901
diagnoses,N83.900x003,N83.901
diagnoses,N84.000x002,N84.001
diagnoses,N84.100x002,N84.100
diagnoses,N85.000x001,N85.000
diagnoses,N85.400x002,N85.402
diagnoses,N85.700x002,N85.700
diagnoses,N85.800x006,N88.201
diagnoses,N85.800x009,N85.807
diagnoses,N86.x00x001,N86.x02
diagnoses,N86.x00x002,N86.x02
diagnoses,N87.000x002,N87.001
diagnoses,N87.000x003,N87.002
diagnoses,N87.100x002,N87.101
diagnoses,N87.900x001,N87.901
diagnoses,N88.300x002,N88.300
diagnoses,N88.400x003,N88.400
diagnoses,N88.800x002,N88.806
diagnoses,N88.800x003,N88.803
diagnoses,N89.800x002,N89.806
diagnoses,N89.800x005,N89.806
diagnoses,N89.800x006,N89.803
diagnoses,N89.800x008,N89.802
diagnoses,N90.300x001,N90.302
diagnoses,N90.700x001,N90.700
diagnoses,N90.800x002,N90.807
diagnoses,N90.800x021,N90.807
diagnoses,N90.800x022,N90.805
diagnoses,N92.400x002,N92.400x004
diagnoses,N92.600x003,N92.600
diagnoses,N93.900x001,N93.900
diagnoses,N94.800x005,N94.806
diagnoses,N94.800x007,N94.807
diagnoses,N95.100x002,N95.100
diagnoses,N95.800x001,N95.800
diagnoses,N97.100x002,N97.100x001
diagnoses,N97.100x004,N97.100x003
diagnoses,N97.100x005,N97.100x001
diagnoses,N97.100x006,N97.100x003
diagnoses,N97.100x007,N97.100x001
diagnoses,N97.100x008,N97.100x003
diagnoses,N97.100x009,N97.100x001
diagnoses,N97.400x003,R86.903
diagnoses,N97.800x001,N97.801
diagnoses,N97.900x003,N97.902
diagnoses,N97.900x004,N97.901
diagnoses,N98.100x001,N98.100
diagnoses,N98.200x001,N98.200
diagnoses,N98.300x001,N98.300
diagnoses,N98.800x003,N98.800
diagnoses,N99.400x001,N99.401
diagnoses,N99.400x002,N99.401
diagnoses,N99.400x003,N99.401
diagnoses,O00.100x017,O00.804
diagnoses,O00.100x018,O00.112
diagnoses,O00.100x019,O00.117
diagnoses,O00.800x007,O00.803
diagnoses,O00.800x008,O00.807
diagnoses,O00.800x009,O00.805
diagnoses,O03.300x001,O03.300
diagnoses,O03.400x002,O03.901
diagnoses,O03.400x003,O03.901
diagnoses,O03.800x001,O03.800
diagnoses,O03.900x001,O03.900x002
diagnoses,O03.900x011,O03.900x002
diagnoses,O03.900x021,O03.900x002
diagnoses,O04.200,O04.200x001
diagnoses,O04.300x004,O04.300
diagnoses,O04.800x001,O04.800
diagnoses,O04.804,O04.800
diagnoses,O04.900x002,O04.900x001
diagnoses,O04.900x003,O04.900x001
diagnoses,O04.900x004,O04.902
diagnoses,O04.900x005,O04.905
diagnoses,O04.900x007,O04.900x001
diagnoses,O07.100,O07.100x001
diagnoses,O07.200,O07.200x001
diagnoses,O08.000x003,O08.004
diagnoses,O08.000x008,O08.000x006
diagnoses,O08.003,O08.000
diagnoses,O08.100x001,O08.101
diagnoses,O08.200x002,O08.200x001
diagnoses,O08.200x006,O08.200x001
diagnoses,O08.200x007,O08.200x001
diagnoses,O08.800x005,O08.603
diagnoses,O10.000x001,O10.001
diagnoses,O10.100x001,O10.101
diagnoses,O10.900x002,O10.900x001
diagnoses,O11.x00,O11.x01
diagnoses,O11.x00x001,O11.x01
diagnoses,O11.x00x011,O11.x01
diagnoses,O13.x00x001,O13.x01
diagnoses,O13.x02,O14.000x001
diagnoses,O14.000,O14.000x002
diagnoses,O14.100,O14.100x002
diagnoses,O14.100x001,O36.202
diagnoses,O14.101,O14.200
diagnoses,O20.000x002,O20.000
diagnoses,O20.000x003,O20.000
diagnoses,O20.900x001,O20.900
diagnoses,O21.100x001,O21.100
diagnoses,O21.200x001,O21.200
diagnoses,O21.900x003,O21.900
diagnoses,O22.200x002,O22.200
diagnoses,O22.400x002,O22.400
diagnoses,O22.800x001,O22.801
diagnoses,O22.900x002,O22.900
diagnoses,O23.000,O23.000x001
diagnoses,O23.500x004,O23.504
diagnoses,O23.500x011,O23.500x007
diagnoses,O24.000x011,O24.000
diagnoses,O24.000x031,O24.000
diagnoses,O24.100x031,O24.100
diagnoses,O24.200,O24.200x001
diagnoses,O24.200x011,O24.200x001
diagnoses,O24.300,O24.300x001
diagnoses,O26.400x002,O26.400
diagnoses,O26.600x021,O26.601
diagnoses,O26.800x012,O26.804
diagnoses,O26.800x021,O26.800
diagnoses,O26.805,O26.800x016
diagnoses,O28.300x002,O28.300
diagnoses,O28.300x003,O35.800x030
diagnoses,O28.300x004,O28.300x001
diagnoses,O28.900x001,O28.900
diagnoses,O29.000x011,O29.000x001
diagnoses,O29.000x012,O29.000x002
diagnoses,O29.000x013,O29.000x003
diagnoses,O29.000x014,O29.000x004
diagnoses,O29.000x015,O29.000x005
diagnoses,O29.100x011,O29.100x001
diagnoses,O29.100x012,O29.100x002
diagnoses,O29.900x001,O29.900
diagnoses,O30.800x002,O30.800
diagnoses,O31.800x001,O43.005
diagnoses,O31.800x002,O35.800x003
diagnoses,O31.800x006,O35.811
diagnoses,O32.100x003,O32.101
diagnoses,O32.500x001,O32.500
diagnoses,O33.000x003,O33.300x003
diagnoses,O33.001,O33.000x003
diagnoses,O33.300x011,O33.301
diagnoses,O33.600x001,O33.600
diagnoses,O33.700x001,O33.700
diagnoses,O33.700x002,O33.700
diagnoses,O33.700x003,O33.700
diagnoses,O33.700x011,O33.700x004
diagnoses,O33.700x012,O33.700x005
diagnoses,O33.700x013,O33.700x006
diagnoses,O33.900x001,O33.900
diagnoses,O33.900x002,O33.900
diagnoses,O34.000x010,O34.004
diagnoses,O34.000x021,O34.004
diagnoses,O34.300x001,O34.301
diagnoses,O34.400x015,O34.000x013
diagnoses,O34.400x016,O34.000x012
diagnoses,O34.400x021,O34.406
diagnoses,O34.500x006,O34.503
diagnoses,O34.700x001,O34.700
diagnoses,O34.800x007,O34.800
diagnoses,O34.800x009,O34.807
diagnoses,O34.800x031,O34.807
diagnoses,O35.000x001,O35.010
diagnoses,O35.100x003,O28.502
diagnoses,O35.700x004,O35.701
diagnoses,O35.800x004,O35.800x029
diagnoses,O35.800x013,O35.819
diagnoses,O35.800x027,O35.800x002
diagnoses,O35.800x028,O35.800x011
diagnoses,O35.802,O35.800x030
diagnoses,O35.815,O28.300x001
diagnoses,O35.900x001,O35.900
diagnoses,O36.100x001,O36.100
diagnoses,O36.200x002,O36.201
diagnoses,O36.200x003,O36.203
diagnoses,O36.300x005,O36.303
diagnoses,O36.300x011,O36.302
diagnoses,O36.400x002,O36.300x008
diagnoses,O36.500x004,O36.502
diagnoses,O36.500x011,O28.900
diagnoses,O36.800x001,O35.800x027
diagnoses,O36.800x002,O36.303
diagnoses,O36.800x003,O35.819
diagnoses,O36.801,O36.300x009
diagnoses,O40.x00x001,O40.x00
diagnoses,O41.000x001,O41.000
diagnoses,O41.100x001,O41.100
diagnoses,O41.100x004,O41.100
diagnoses,O41.800x011,O41.800
diagnoses,O41.800x012,O41.800
diagnoses,O41.800x013,O41.800
diagnoses,O41.802,O41.800
diagnoses,O42.100x021,O42.200x001
diagnoses,O43.000x002,O43.002
diagnoses,O43.000x004,O43.004
diagnoses,O43.000x005,O43.005
diagnoses,O43.000x006,O43.005
diagnoses,O43.100x001,O43.100
diagnoses,O43.100x002,O43.100
diagnoses,O43.100x003,O43.200
diagnoses,O43.800x001,O43.800
diagnoses,O43.800x006,O41.800x004
diagnoses,O43.800x009,O41.800
diagnoses,O43.800x011,O43.803
diagnoses,O44.000x002,O44.000x001
diagnoses,O44.000x004,O44.003
diagnoses,O44.100x001,O44.100
diagnoses,O44.100x003,O44.103
diagnoses,O45.900x002,O45.900
diagnoses,O45.900x003,O45.900
diagnoses,O60.000x001,O60.001
diagnoses,O62.100x001,O62.100
diagnoses,O63.000x001,O63.000
diagnoses,O63.100x002,O63.100
diagnoses,O63.900x001,O63.901
diagnoses,O64.000x004,O64.002
diagnoses,O64.000x005,O64.002
diagnoses,O64.400x002,O64.401
diagnoses,O64.800x003,O64.800
diagnoses,O64.800x004,O64.800
diagnoses,O64.800x005,O64.800
diagnoses,O64.804,O64.100x003
diagnoses,O64.805,O64.100x002
diagnoses,O65.000x003,O65.000x001
diagnoses,O65.002,O65.000x001
diagnoses,O65.400x002,O65.401
diagnoses,O65.800x004,O65.800
diagnoses,O65.801,O65.000x002
diagnoses,O65.900x002,O65.900
diagnoses,O67.900x001,O67.900
diagnoses,O69.000x003,O69.001
diagnoses,O69.200x011,O69.200
diagnoses,O69.200x012,O69.200
diagnoses,O69.400x001,O69.400
diagnoses,O69.803,O69.200x007
diagnoses,O69.900x011,O69.900x001
diagnoses,O70.000x011,O70.000
diagnoses,O70.000x012,O70.000
diagnoses,O70.000x013,O70.000
diagnoses,O71.000x001,O71.001
diagnoses,O71.400x001,O71.400
diagnoses,O71.500x001,O71.500
diagnoses,O71.500x005,O71.700x001
diagnoses,O71.600x002,O71.600
diagnoses,O71.600x003,O71.600
diagnoses,O71.800x002,O71.700x002
diagnoses,O72.000x002,O72.003
diagnoses,O72.100x002,O72.100
diagnoses,O72.100x003,O72.100
diagnoses,O72.200x003,O72.201
diagnoses,O72.200x004,O72.202
diagnoses,O72.200x005,O72.201
diagnoses,O73.000x001,O73.001
diagnoses,O73.000x003,O73.000
diagnoses,O73.000x004,O73.002
diagnoses,O73.000x007,O43.200x002
diagnoses,O73.100x001,O73.101
diagnoses,O73.100x002,O73.102
diagnoses,O74.000x003,O74.000x002
diagnoses,O75.200x011,O75.200
diagnoses,O75.700,O75.700x001
diagnoses,O80.900x001,O80.900
diagnoses,O81.000x001,O81.000
diagnoses,O81.100x001,O81.100
diagnoses,O81.200x001,O81.200
diagnoses,O81.300x001,O81.301
diagnoses,O82.900x001,O82.900
diagnoses,O83.000x001,O83.000
diagnoses,O83.200x001,O83.200
diagnoses,O83.900x001,O83.900
diagnoses,O84.100x001,O84.100
diagnoses,O84.800x001,O84.800
diagnoses,O85.x00x002,O85.x00
diagnoses,O85.x00x005,O86.400x001
diagnoses,O86.000x002,O86.002
diagnoses,O86.000x003,O86.002
diagnoses,O86.000x004,O86.000
diagnoses,O86.000x011,O86.000
diagnoses,O86.200x001,O86.201
diagnoses,O86.400x002,O86.402
diagnoses,O87.000x002,O87.000
diagnoses,O87.900x002,O87.900
diagnoses,O88.100x001,O88.100
diagnoses,O88.100x002,O88.101
diagnoses,O89.000x011,O89.000x001
diagnoses,O89.000x012,O89.000x002
diagnoses,O89.000x013,O89.000x003
diagnoses,O89.000x014,O89.000x004
diagnoses,O89.100x011,O89.100x001
diagnoses,O89.100x012,O89.100x002
diagnoses,O90.000x001,O90.802
diagnoses,O90.000x002,O90.800x007
diagnoses,O90.000x003,O90.802
diagnoses,O90.100x001,O90.800x008
diagnoses,O90.100x002,O90.800x009
diagnoses,O90.800x001,O90.801
diagnoses,O91.000x001,O91.000
diagnoses,O91.000x012,O91.001
diagnoses,O91.100x013,O91.102
diagnoses,O91.100x014,O91.101
diagnoses,O91.200x015,O91.200x001
diagnoses,O91.200x016,O91.201
diagnoses,O91.200x017,O91.200x007
diagnoses,O91.200x018,O91.200x008
diagnoses,O92.100x011,O92.100x001
diagnoses,O92.600x001,O92.600
diagnoses,O92.700x001,O92.700
diagnoses,O92.700x011,O92.700
diagnoses,O95.x00x001,O95.x00
diagnoses,O96.x00,O96.000
diagnoses,O96.x00x001,O96.000
diagnoses,O97.x00,O97.000
diagnoses,O98.300x001,O98.300
diagnoses,O98.300x014,O98.800
diagnoses,O98.300x021,O98.300
diagnoses,O98.300x031,O98.300
diagnoses,O98.405,O98.400x011
diagnoses,O98.500x011,O98.500
diagnoses,O98.500x021,O98.500
diagnoses,O98.500x031,O98.500
diagnoses,O98.504,O26.400
diagnoses,O98.505,O98.302
diagnoses,O98.600x011,O98.600
diagnoses,O98.600x021,O98.600
diagnoses,O98.600x031,O98.600
diagnoses,O98.800x011,O98.900
diagnoses,O98.800x012,O98.900
diagnoses,O98.800x021,O98.900
diagnoses,O98.800x022,O98.900
diagnoses,O98.800x031,O98.900
diagnoses,O98.807,O26.400
diagnoses,O99.000x014,O99.008
diagnoses,O99.000x015,O99.008
diagnoses,O99.000x032,O99.000x031
diagnoses,O99.000x033,O99.000x031
diagnoses,O99.000x034,O99.000x031
diagnoses,O99.000x041,O99.008
diagnoses,O99.000x042,O99.005
diagnoses,O99.000x043,O99.007
diagnoses,O99.000x051,O99.000x031
diagnoses,O99.001,O99.000x031
diagnoses,O99.100x003,O99.100x012
diagnoses,O99.100x006,O99.100x012
diagnoses,O99.100x034,O99.106
diagnoses,O99.200x003,O99.202
diagnoses,O99.200x007,O24.301
diagnoses,O99.200x010,O99.216
diagnoses,O99.200x015,O99.207
diagnoses,O99.300x033,O99.301
diagnoses,O99.300x034,O99.314
diagnoses,O99.400x021,O99.415
diagnoses,O99.400x034,O99.400x021
diagnoses,O99.400x041,O99.400x034
diagnoses,O99.500x003,O99.511
diagnoses,O99.500x010,O98.800x033
diagnoses,O99.600x006,O98.800x035
diagnoses,O99.600x007,O98.800x036
diagnoses,O99.600x010,O98.800x037
diagnoses,P00.200x006,P00.205
diagnoses,P00.800x001,P00.807
diagnoses,P00.814,P00.807
diagnoses,P05.101,P05.100
diagnoses,P07.000x001,P07.000
diagnoses,P07.100x002,P07.102
diagnoses,P07.100x003,P07.102
diagnoses,P07.100x004,P07.101
diagnoses,P07.101,P07.100
diagnoses,P07.200x001,P07.200x021
diagnoses,P07.300x001,P07.300x011
diagnoses,P07.300x002,P07.300x021
diagnoses,P08.200,P08.200x002
diagnoses,P11.500,P11.500x003
diagnoses,P11.900,P11.900x001
diagnoses,P12.000,P12.000x001
diagnoses,P12.200,P12.201
diagnoses,P12.800x001,P12.801
diagnoses,P20.902,P21.900x002
diagnoses,P23.000,P23.000x001
diagnoses,P23.900x001,P23.900
diagnoses,P27.100x001,P27.100
diagnoses,P29.300x001,P29.301
diagnoses,P36.300x001,P36.301
diagnoses,P37.500x001,P37.500
diagnoses,P39.100x001,P39.100x004
diagnoses,P52.200,P52.200x001
diagnoses,P52.600,P52.600x001
diagnoses,P52.800x001,P52.802
diagnoses,P54.100x001,P54.100
diagnoses,P61.400x001,P61.401
diagnoses,P70.800x001,P70.801
diagnoses,P71.300,P71.300x001
diagnoses,P72.100x001,P72.100
diagnoses,P72.100x002,P72.100
diagnoses,P74.200x001,P74.202
diagnoses,P74.800x002,P74.802
diagnoses,P74.800x004,P74.403
diagnoses,P78.100,P78.100x001
diagnoses,P78.300x004,K30.x00x002
diagnoses,P90.x00x002,P90.x00
diagnoses,P95.x00x001,P95.x00
diagnoses,Q03.100x001,Q03.102
diagnoses,Q04.300x101,Q04.300x011
diagnoses,Q04.300x201,Q04.300x021
diagnoses,Q04.300x301,Q04.300x031
diagnoses,Q04.300x905,Q04.301
diagnoses,Q05.900x004,Q05.902
diagnoses,Q07.802,Q07.800
diagnoses,Q10.300x010,Q10.300
diagnoses,Q10.400x003,Q10.400
diagnoses,Q10.600x001,Q10.600
diagnoses,Q11.100x001,Q11.100
diagnoses,Q12.800x001,Q12.800
diagnoses,Q13.800x001,Q13.802
diagnoses,Q14.100x001,Q14.100
diagnoses,Q15.001,Q13.803
diagnoses,Q16.400x001,Q16.400
diagnoses,Q16.500x002,Q16.500
diagnoses,Q16.900x002,Q16.900
diagnoses,Q17.000x004,Q17.000
diagnoses,Q17.300x003,Q17.301
diagnoses,Q17.901,Q17.900
diagnoses,Q18.100x007,Q18.104
diagnoses,Q18.200x001,Q18.200
diagnoses,Q20.001,Q21.100x001
diagnoses,Q20.300x001,Q20.300
diagnoses,Q20.401,Q20.400
diagnoses,Q21.207,Q21.200
diagnoses,Q21.800x001,Q21.800
diagnoses,Q21.800x004,Q21.800
diagnoses,Q22.101,Q22.100
diagnoses,Q23.400x002,Q23.400
diagnoses,Q23.800x001,Q23.800
diagnoses,Q24.400x001,Q24.400
diagnoses,Q24.500x010,Q24.511
diagnoses,Q24.500x013,Q24.513
diagnoses,Q24.500x014,Q24.512
diagnoses,Q24.800x006,Q24.806
diagnoses,Q24.801,I49.805
diagnoses,Q25.300x004,Q25.300
diagnoses,Q25.400x001,Q25.407
diagnoses,Q25.600x003,Q25.600
diagnoses,Q25.600x004,Q25.600
diagnoses,Q25.600x005,Q25.600
diagnoses,Q25.800x001,Q25.700x012
diagnoses,Q27.000x001,Q27.000
diagnoses,Q28.002,Q28.000
diagnoses,Q28.100x003,Q28.100
diagnoses,Q28.200x005,Q28.200
diagnoses,Q30.000x002,Q30.000
diagnoses,Q32.100x001,Q32.100
diagnoses,Q32.100x003,Q32.100
diagnoses,Q32.100x004,Q32.100
diagnoses,Q33.001,Q33.000
diagnoses,Q33.302,Q33.100
diagnoses,Q33.600x001,Q33.600
diagnoses,Q33.601,Q33.600
diagnoses,Q35.300x001,Q35.903
diagnoses,Q35.500x001,Q35.902
diagnoses,Q35.500x002,Q35.901
diagnoses,Q38.300x004,Q38.301
diagnoses,Q38.300x006,Q38.305
diagnoses,Q38.400x003,Q38.400x002
diagnoses,Q40.000x003,Q40.000
diagnoses,Q40.001,Q40.000
diagnoses,Q43.000x005,Q43.003
diagnoses,Q43.100x002,Q43.100
diagnoses,Q43.100x901,Q43.103
diagnoses,Q43.800x001,Q43.812
diagnoses,Q43.900x002,Q43.900
diagnoses,Q44.500x009,Q44.500x006
diagnoses,Q45.000x001,Q45.003
diagnoses,Q45.100x001,Q45.100
diagnoses,Q45.200x001,Q45.200
diagnoses,Q50.600x001,Q50.600
diagnoses,Q51.800x003,Q51.000x001
diagnoses,Q51.800x013,Q51.100x001
diagnoses,Q51.900x001,Q51.900
diagnoses,Q52.800x003,Q52.901
diagnoses,Q53.200x001,Q53.202
diagnoses,Q55.100x001,Q55.100x002
diagnoses,Q55.400x003,Q55.403
diagnoses,Q55.800x002,Q55.800
diagnoses,Q56.000x001,Q56.000
diagnoses,Q56.100x001,Q56.100
diagnoses,Q56.200x001,Q56.200
diagnoses,Q61.101,Q61.100
diagnoses,Q61.201,Q61.200
diagnoses,Q61.300x002,Q61.300
diagnoses,Q61.400x001,Q61.401
diagnoses,Q61.400x002,Q61.400
diagnoses,Q61.501,Q61.500
diagnoses,Q62.000x002,Q62.000
diagnoses,Q62.100x001,Q62.101
diagnoses,Q62.100x402,Q62.100
diagnoses,Q62.501,Q62.500
diagnoses,Q62.603,Q62.600
diagnoses,Q62.800x002,Q62.800
diagnoses,Q62.800x003,Q62.800
diagnoses,Q62.801,Q62.800
diagnoses,Q63.202,Q63.200
diagnoses,Q63.300x002,Q63.301
diagnoses,Q63.901,Q63.900
diagnoses,Q64.100x901,Q64.100x091
diagnoses,Q64.200x201,Q64.200x021
diagnoses,Q64.700x501,Q64.708
diagnoses,Q66.100x002,Q66.400
diagnoses,Q66.300x001,Q66.300
diagnoses,Q66.300x002,Q66.300
diagnoses,Q66.301,Q66.300
diagnoses,Q66.600x002,Q66.600
diagnoses,Q66.600x003,Q66.600
diagnoses,Q66.800x011,Q66.800x013
diagnoses,Q67.500x201,Q67.500
diagnoses,Q68.100x008,Q68.104
diagnoses,Q68.100x101,Q68.101
diagnoses,Q68.806,Q68.805
diagnoses,Q70.900x004,Q70.900x002
diagnoses,Q71.200x003,Q71.301
diagnoses,Q71.800x001,Q71.801
diagnoses,Q72.502,Q72.500
diagnoses,Q72.801,Q72.800
diagnoses,Q72.900x001,Q72.900
diagnoses,Q74.000x401,Q74.005
diagnoses,Q74.000x905,Q74.002
diagnoses,Q75.000x901,Q75.000
diagnoses,Q75.400x001,Q75.400
diagnoses,Q76.300x101,Q76.300x011
diagnoses,Q76.400x901,Q76.412
diagnoses,Q76.411,Q76.400x906
diagnoses,Q76.420,Q76.400x203
diagnoses,Q76.700x901,Q76.700
diagnoses,Q76.801,Q76.800
diagnoses,Q77.601,Q77.600
diagnoses,Q78.102,Q78.100
diagnoses,Q78.200x001,Q78.200
diagnoses,Q78.600x003,Q78.600
diagnoses,Q78.800x001,Q78.800
diagnoses,Q79.500x001,Q79.500
diagnoses,Q81.800x001,Q81.800
diagnoses,Q82.500x011,Q82.508
diagnoses,Q82.800x002,Q82.802
diagnoses,Q85.001M95400/1,Q85.000
diagnoses,Q85.900x005,Q85.911
diagnoses,Q85.900x007,Q85.910
diagnoses,Q85.900x054,Q85.912
diagnoses,Q85.900x055,Q85.913
diagnoses,Q85.900x056,Q85.914
diagnoses,Q87.200x901,Q87.000x907
diagnoses,Q87.800x401,Q87.809
diagnoses,Q87.800x901,Q87.001
diagnoses,Q87.800x904,Q89.004
diagnoses,Q87.800x911,Q87.808
diagnoses,Q87.804,E23.600x016
diagnoses,Q89.100x201,Q89.100
diagnoses,Q89.700x901,Q89.700
diagnoses,Q89.900x001,Q89.900
diagnoses,Q90.200x001,Q90.200
diagnoses,Q93.300x001,Q93.300
diagnoses,Q93.400x001,Q93.400
diagnoses,Q96.900x002,Q96.300
diagnoses,Q96.901,Q96.900
diagnoses,Q97.000x001,Q97.000
diagnoses,Q97.300x001,Q97.300
diagnoses,Q99.000x001,Q99.000
diagnoses,Q99.001,Q99.000
diagnoses,Q99.100x002,Q99.100
diagnoses,R05.x00x001,R05.x02
diagnoses,R09.001,R79.800x003
diagnoses,R09.800x096,R09.801
diagnoses,R15.x01,R15.x00
diagnoses,R17.x00,R17.000
diagnoses,R17.x01,R17.001
diagnoses,R22.001,R22.000x005
diagnoses,R22.101,R22.100x001
diagnoses,R22.201,R22.200x002
diagnoses,R22.301,R22.300x001
diagnoses,R22.401,R22.400x002
diagnoses,R22.701,R22.700x002
diagnoses,R25.201,R25.200x001
diagnoses,R26.801,R26.800x001
diagnoses,R29.801,R29.800
diagnoses,R43.801,R43.800x002
diagnoses,R46.800x011,R46.801
diagnoses,R47.000x009,G31.000x003
diagnoses,R49.800x002,R49.800x003
diagnoses,R50.800x001,R50.802
diagnoses,R50.800x003,R50.803
diagnoses,R53.x00x007,R53.x00x008
diagnoses,R55.x00x015,R55.x02
diagnoses,R55.x01,R55.x00x001
diagnoses,R56.800x002,R56.803
diagnoses,R59.000x016,R59.003
diagnoses,R59.900x002,R59.901
diagnoses,R60.000x001,R60.000
diagnoses,R62.000x001,R62.801
diagnoses,R62.800x001,R62.802
diagnoses,R62.800x002,R62.803
diagnoses,R63.500x001,R63.500
diagnoses,R63.600,R63.601
diagnoses,R65.202,R65.200
diagnoses,R68.100x003,R68.101
diagnoses,R72.x00x001,R72.x00x002
diagnoses,R74.805,R74.800x006
diagnoses,R75.x00,R75.x00x001
diagnoses,R79.000x005,R79.000
diagnoses,R83.900x001,R83.900
diagnoses,R90.000x002,R90.000
diagnoses,R91.x00x002,R91.x00x001
diagnoses,R91.x00x003,R91.x03
diagnoses,R91.x00x011,R91.x04
diagnoses,R91.x02,R91.x03
diagnoses,R94.203,G47.304
diagnoses,R95.x00,R95.900
diagnoses,S00.300x001,S00.300
diagnoses,S00.400x051,S00.401
diagnoses,S00.400x053,S00.402
diagnoses,S00.800x041,S00.804
diagnoses,S00.900x001,S00.900
diagnoses,S01.100x001,S01.103
diagnoses,S01.100x002,S01.102
diagnoses,S01.500x031,S01.503
diagnoses,S01.800x081,S01.800x031
diagnoses,S01.800x082,S01.801
diagnoses,S02.100x001,S02.100
diagnoses,S02.200x002,S02.201
diagnoses,S02.500x001,S02.500
diagnoses,S02.600x101,S02.612
diagnoses,S03.000x002,S03.000
diagnoses,S03.000x003,S03.000
diagnoses,S03.200x001,S03.200
diagnoses,S04.400x001,S04.400
diagnoses,S05.200x001,S05.200x003
diagnoses,S05.200x002,S05.200x006
diagnoses,S05.200x003,S05.200x007
diagnoses,S05.300x003,S05.306
diagnoses,S05.300x011,S05.307
diagnoses,S06.100x001,S06.100
diagnoses,S06.400x001,S06.401
diagnoses,S06.400x002,S06.400
diagnoses,S06.500x001,S06.500
diagnoses,S06.600x001,S06.600
diagnoses,S06.600x011,S06.610
diagnoses,S06.900x002,S06.900
diagnoses,S07.000x001,S07.000
diagnoses,S07.100x001,S07.100
diagnoses,S07.900x001,S07.900
diagnoses,S08.100x001,S08.100
diagnoses,S09.200x001,S09.200
diagnoses,S10.900x001,S10.900
diagnoses,S10.900x041,S10.902
diagnoses,S11.700x001,S11.700
diagnoses,S11.900x001,S11.900
diagnoses,S12.100x001,S12.000x002
diagnoses,S12.200x001,S12.100x002
diagnoses,S12.200x002,S12.100x003
diagnoses,S12.700x001,S12.700
diagnoses,S12.800x001,S13.500x008
diagnoses,S12.800x002,S12.803
diagnoses,S12.800x003,S13.500x006
diagnoses,S12.800x004,S13.500x007
diagnoses,S12.800x005,S13.500x009
diagnoses,S12.801,S13.500x006
diagnoses,S12.802,S13.500x007
diagnoses,S12.804,S13.500x008
diagnoses,S12.805,S13.500x009
diagnoses,S12.810,S12.910
diagnoses,S12.811,S13.500x010
diagnoses,S12.812,S13.500x011
diagnoses,S13.000x001,S13.000
diagnoses,S14.300x001,S14.300
diagnoses,S15.000x011,S15.002
diagnoses,S15.000x021,S15.003
diagnoses,S15.000x031,S15.001
diagnoses,S15.700,S15.700x001
diagnoses,S22.900x001,S22.900
diagnoses,S25.800x001,S25.802
diagnoses,S25.900x001,S25.900
diagnoses,S27.300x081,S27.312
diagnoses,S27.400x001,S27.401
diagnoses,S27.700x001,S27.700
diagnoses,S29.700x001,S27.806
diagnoses,S30.100x005,S30.104
diagnoses,S31.100x006,S31.102
diagnoses,S31.300x002,S31.301
diagnoses,S32.803,S32.800x024
diagnoses,S33.400x001,S33.400
diagnoses,S34.500x007,S34.500
diagnoses,S36.900x001,S36.900
diagnoses,S37.000x021,S37.001
diagnoses,S37.000x041,S37.000x032
diagnoses,S37.812,S31.300x002
diagnoses,S38.000x001,S38.000
diagnoses,S38.000x002,S38.001
diagnoses,S38.100x011,S38.101
diagnoses,S39.003,S39.800x002
diagnoses,S39.004,S39.800x003
diagnoses,S39.600x001,S39.600
diagnoses,S39.912,S39.800x005
diagnoses,S42.200x101,S42.200x001
diagnoses,S43.000x041,S43.000x011
diagnoses,S43.000x042,S43.000x021
diagnoses,S43.400x011,S43.400x003
diagnoses,S43.400x012,S43.400x005
diagnoses,S43.400x013,S43.400x005
diagnoses,S43.700x002,S43.400x005
diagnoses,S43.700x011,S43.700
diagnoses,S44.500x002,S54.300x001
diagnoses,S46.100x002,S46.101
diagnoses,S47.x00x011,S47.x00x002
diagnoses,S47.x00x012,S47.x01
diagnoses,S48.000x001,S48.000
diagnoses,S52.000x011,S52.001
diagnoses,S57.000x001,S57.000
diagnoses,S57.000x011,S57.000
diagnoses,S57.900x001,S57.900
diagnoses,S57.900x011,S57.900
diagnoses,S60.100,S60.100x001
diagnoses,S60.900x001,S60.900
diagnoses,S61.900x005,S61.902
diagnoses,S62.610,S62.611
diagnoses,S67.000x011,S67.000x001
diagnoses,S67.000x012,S67.001
diagnoses,S67.800x011,S67.801
diagnoses,S70.000x001,S70.000
diagnoses,S71.000x001,S71.000
diagnoses,S72.100x011,S72.101
diagnoses,S73.000x002,S73.000
diagnoses,S73.100x001,S73.101
diagnoses,S76.300x003,S76.300x001
diagnoses,S77.000x011,S77.000
diagnoses,S77.100x001,S77.100
diagnoses,S77.200x001,S77.200
diagnoses,S77.200x011,S77.200
diagnoses,S78.000x001,S78.000
diagnoses,S80.000x001,S80.000
diagnoses,S82.000x003,S82.000x004
diagnoses,S83.600x009,S76.100x004
diagnoses,S87.800x001,S87.801
diagnoses,S90.900x001,S90.900
diagnoses,S92.100x003,S92.100
diagnoses,S92.200x011,S92.202
diagnoses,S92.700x001,S92.700
diagnoses,S93.300x001,S93.300x031
diagnoses,S93.400x041,S93.400x002
diagnoses,S97.000x001,S97.000
diagnoses,S97.000x011,S97.000
diagnoses,S97.100x001,S97.100
diagnoses,S97.100x011,S97.100
diagnoses,S97.800x001,S97.801
diagnoses,S97.800x011,S97.801
diagnoses,T00.900x001,T00.900
diagnoses,T02.700x021,T02.700x001
diagnoses,T04.000x011,T04.000x001
diagnoses,T04.100x011,T04.100x001
diagnoses,T04.200x011,T04.200x001
diagnoses,T04.300x011,T04.300x001
diagnoses,T04.400x011,T04.400x001
diagnoses,T04.700x011,T04.700x001
diagnoses,T04.900x011,T04.901
diagnoses,T04.900x012,T04.901
diagnoses,T09.100x001,T09.100
diagnoses,T09.500x001,T09.500
diagnoses,T11.000x011,T11.001
diagnoses,T14.000x001,T14.000
diagnoses,T14.000x002,T14.003
diagnoses,T14.000x051,T14.001
diagnoses,T15.100x002,T15.101
diagnoses,T15.800x003,T15.801
diagnoses,T19.300,T19.300x001
diagnoses,T20.000x013,T20.002
diagnoses,T20.000x014,T20.003
diagnoses,T20.000x015,T20.003
diagnoses,T20.000x021,T20.000
diagnoses,T20.000x022,T20.000
diagnoses,T20.100x021,T20.100
diagnoses,T20.100x022,T20.100
diagnoses,T20.200x021,T20.200
diagnoses,T20.200x022,T20.200
diagnoses,T20.200x023,T20.201
diagnoses,T20.200x024,T20.201
diagnoses,T20.300x021,T20.300
diagnoses,T20.300x022,T20.300
diagnoses,T21.100x101,T21.100
diagnoses,T21.100x102,T21.100
diagnoses,T21.200x101,T21.200
diagnoses,T21.200x102,T21.200
diagnoses,T21.300x101,T21.300
diagnoses,T21.300x102,T21.300
diagnoses,T22.100x011,T22.100x001
diagnoses,T22.100x012,T22.100x001
diagnoses,T22.200x011,T22.200x001
diagnoses,T22.200x012,T22.200x001
diagnoses,T22.300x011,T22.300x001
diagnoses,T22.300x012,T22.300x001
diagnoses,T23.100x011,T23.100
diagnoses,T23.100x012,T23.100
diagnoses,T23.200x011,T23.200
diagnoses,T23.200x012,T23.200
diagnoses,T23.300x011,T23.300
diagnoses,T23.300x012,T23.300
diagnoses,T23.300x013,T23.300
diagnoses,T23.300x014,T23.300
diagnoses,T23.300x015,T23.300
diagnoses,T24.100x011,T24.100x001
diagnoses,T24.100x012,T24.100x001
diagnoses,T24.200x011,T24.200x001
diagnoses,T24.200x012,T24.200x001
diagnoses,T24.300x011,T24.300x001
diagnoses,T24.300x012,T24.300x001
diagnoses,T25.100x011,T25.100
diagnoses,T25.100x012,T25.100
diagnoses,T25.200x011,T25.200
diagnoses,T25.200x012,T25.200
diagnoses,T25.300x011,T25.300
diagnoses,T25.300x012,T25.300
diagnoses,T26.001x011,T26.001
diagnoses,T26.001x012,T26.001
diagnoses,T26.001x013,T26.002
diagnoses,T26.001x014,T26.002
diagnoses,T26.400x011,T26.400
diagnoses,T26.400x012,T26.400
diagnoses,T26.400x013,T26.401
diagnoses,T26.400x014,T26.401
diagnoses,T27.400x002,T27.401
diagnoses,T27.400x003,T27.402
diagnoses,T28.500x002,T28.501
diagnoses,T28.500x003,T28.502
diagnoses,T28.700x001,T28.701
diagnoses,T28.900x001,T28.901
diagnoses,T29.000x001,T29.000
diagnoses,T29.100x011,T29.100x001
diagnoses,T29.200x011,T29.200x001
diagnoses,T29.300x011,T29.300x001
diagnoses,T29.400x001,T29.400
diagnoses,T30.000x001,T30.000
diagnoses,T30.100x011,T30.100
diagnoses,T30.200x011,T30.200
diagnoses,T30.300x011,T30.300
diagnoses,T30.400x001,T30.400
diagnoses,T31.000x001,T31.000
diagnoses,T31.100x001,T31.100
diagnoses,T31.200x001,T31.200
diagnoses,T31.300x001,T31.300
diagnoses,T31.400x001,T31.400
diagnoses,T31.500x001,T31.500
diagnoses,T31.600x001,T31.600
diagnoses,T31.700x001,T31.700
diagnoses,T31.800x001,T31.800
diagnoses,T31.900x001,T31.900
diagnoses,T32.000x001,T32.000
diagnoses,T32.100x001,T32.100
diagnoses,T32.200x001,T32.200
diagnoses,T32.300x001,T32.300
diagnoses,T32.400x001,T32.400
diagnoses,T32.500x001,T32.500
diagnoses,T32.600x001,T32.600
diagnoses,T32.700x001,T32.700
diagnoses,T32.800x001,T32.800
diagnoses,T32.900x001,T32.900
diagnoses,T40.700x001,T40.700
diagnoses,T41.501,T41.500x001
diagnoses,T48.100x001,T48.100
diagnoses,T50.000x001,T50.000
diagnoses,T50.100x001,T50.100
diagnoses,T51.000x001,T51.000
diagnoses,T51.100x001,T51.100
diagnoses,T51.300x001,T51.300
diagnoses,T51.900x001,T51.900
diagnoses,T52.000x001,T52.000
diagnoses,T52.200x001,T52.200
diagnoses,T52.300x001,T52.300
diagnoses,T52.400x001,T52.400
diagnoses,T52.900x001,T52.900
diagnoses,T53.000x001,T53.000
diagnoses,T53.100x001,T53.100
diagnoses,T53.200x001,T53.200
diagnoses,T53.300x002,T53.300
diagnoses,T53.400x001,T53.400
diagnoses,T53.500x001,T53.500
diagnoses,T54.000x001,T54.000
diagnoses,T54.200x001,T54.201
diagnoses,T54.200x002,T54.203
diagnoses,T54.200x003,T54.202
diagnoses,T54.200x004,T54.202
diagnoses,T54.900x001,T54.900
diagnoses,T56.900x001,T56.900
diagnoses,T57.001,T57.000x002
diagnoses,T57.201,T57.200x002
diagnoses,T57.300x001,T57.300
diagnoses,T58.x00x001,T58.x00
diagnoses,T59.000x002,T59.000
diagnoses,T59.100x001,T59.100
diagnoses,T59.200x001,T59.200
diagnoses,T59.300x001,T59.300
diagnoses,T59.700x001,T59.700
diagnoses,T60.100x001,T60.100
diagnoses,T60.400x003,T56.801
diagnoses,T60.900x001,T60.900
diagnoses,T61.900x001,T61.900
diagnoses,T63.000x001,T63.000
diagnoses,T63.200x001,T63.200
diagnoses,T63.300x001,T63.300
diagnoses,T65.000x001,T65.000
diagnoses,T65.100x001,T65.100
diagnoses,T65.400x001,T65.400
diagnoses,T66.x02H47.5,T66.x02+H47.5*
diagnoses,T68.x00x002,T68.x00
diagnoses,T74.100x004,T74.100
diagnoses,T74.300x001,T74.300
diagnoses,T78.000x001,T78.000
diagnoses,T78.100x001,T78.102
diagnoses,T78.100x011,T78.102
diagnoses,T79.200x001,T79.202
diagnoses,T79.200x002,T79.201
diagnoses,T81.000x015,T81.027
diagnoses,T81.000x025,T81.035
diagnoses,T81.200x018,T81.211
diagnoses,T81.200x022,T81.221
diagnoses,T81.200x023,T81.220
diagnoses,T81.200x024,T81.219
diagnoses,T81.300x001,T81.301
diagnoses,T81.700x001,T81.703
diagnoses,T82.300x001,T82.303
diagnoses,T82.300x002,T82.303
diagnoses,T82.400x002,T82.800x006
diagnoses,T82.400x003,T82.800x008
diagnoses,T82.400x004,T82.800x009
diagnoses,T82.800x007,T82.500x003
diagnoses,T82.900x003,T82.904
diagnoses,T83.500x001,T83.500
diagnoses,T85.000x001,T85.000
diagnoses,T85.100x003,T85.100
diagnoses,T85.700x202,T85.712
diagnoses,T86.000x001,T86.001
diagnoses,T86.800x803,T86.801
diagnoses,T86.800x810,T86.806
diagnoses,T86.800x815,T86.810
diagnoses,T87.000x001,T87.000
diagnoses,T87.100x001,T87.100
diagnoses,T87.600x001,T87.602
diagnoses,T88.000x002,T88.000
diagnoses,T88.000x003,T88.000
diagnoses,T88.100x001,T88.101
diagnoses,T88.700x005,T88.700x002
diagnoses,T88.700x006,T88.700x002
diagnoses,T88.700x008,T88.700x002
diagnoses,T88.700x009,T88.700x002
diagnoses,T88.700x011,T88.700x002
diagnoses,T88.700x013,T88.700x002
diagnoses,T88.900x001,T80.900x003
diagnoses,T88.900x002,T80.901
diagnoses,T88.900x003,T80.900x003
diagnoses,T90.100x002,T90.100
diagnoses,T90.900x001,T90.900
diagnoses,T91.900x004,T91.800x009
diagnoses,T91.901,T91.800x010
diagnoses,T91.902,N81.800x006
diagnoses,T92.000x001,T92.000
diagnoses,T92.300x031,T92.303
diagnoses,T92.300x032,T92.304
diagnoses,T92.300x033,T92.305
diagnoses,T92.300x034,T92.306
diagnoses,T92.300x035,T92.307
diagnoses,T92.400x011,T92.402
diagnoses,T92.500x021,T92.505
diagnoses,T92.500x022,T92.506
diagnoses,T92.600x011,T92.603
diagnoses,T92.800x011,T92.801
diagnoses,T93.000x001,T93.000
diagnoses,T93.500x011,T93.501
diagnoses,U06.900,A92.500
diagnoses,U80.000,U82.000
diagnoses,U80.100,U82.100
diagnoses,U80.100x001,U82.100x001
diagnoses,U80.800,U82.800
diagnoses,U81.000,U83.000
diagnoses,U81.000x001,U83.000x001
diagnoses,U81.800,U83.100
diagnoses,U88.x00,U83.700
diagnoses,U88.x00x011,U82.200x002
diagnoses,U88.x00x012,U82.200x001
diagnoses,U88.x00x021,U82.800x001
diagnoses,U88.x00x022,U82.800x002
diagnoses,U88.x00x023,U82.800x003
diagnoses,U89.800,U83.800
diagnoses,U89.900,U84.900
diagnoses,W26.x00,W26.000
diagnoses,X34.x00,X34.000
diagnoses,X47.x00,X47.900
diagnoses,Y17.x00,Y17.900
diagnoses,Y60.000,Y60.000x001
diagnoses,Z00.400x001,Z00.401
diagnoses,Z01.000x001,Z01.001
diagnoses,Z03.600,Z03.600x001
diagnoses,Z09.000x002,Z09.000x001
diagnoses,Z09.000x011,Z09.001
diagnoses,Z12.800x001,Z12.800
diagnoses,Z12.900x011,Z12.901
diagnoses,Z22.100x001,Z22.101
diagnoses,Z22.500,Z22.800
diagnoses,Z22.500x002,B18.107
diagnoses,Z22.501,Z22.800
diagnoses,Z22.502,B18.107
diagnoses,Z22.503,B18.107
diagnoses,Z22.504,B18.107
diagnoses,Z22.505,Z22.800
diagnoses,Z22.800x001,Z22.801
diagnoses,Z22.900x002,Z22.900x001
diagnoses,Z23.800,Z23.800x001
diagnoses,Z30.200x002,Z30.203
diagnoses,Z30.200x003,Z30.202
diagnoses,Z30.400x002,Z30.400x003
diagnoses,Z30.500x002,Z30.503
diagnoses,Z30.500x003,Z30.501
diagnoses,Z31.000x002,Z31.000x001
diagnoses,Z31.200x002,Z31.200
diagnoses,Z31.200x011,Z31.202
diagnoses,Z31.200x012,Z31.203
diagnoses,Z35.205,Z35.202
diagnoses,Z35.500,Z35.500x001
diagnoses,Z35.600,Z35.600x001
diagnoses,Z35.800x001,Z35.102
diagnoses,Z35.800x002,Z35.200x003
diagnoses,Z36.000x002,Z36.001
diagnoses,Z37.600x011,Z37.600x001
diagnoses,Z37.900x001,Z37.900
diagnoses,Z37.900x002,Z37.900
diagnoses,Z37.900x004,Z98.800x313
diagnoses,Z38.000,Z38.000x001
diagnoses,Z38.100,Z38.100x001
diagnoses,Z38.200,Z38.200x001
diagnoses,Z41.100x025,Z41.103
diagnoses,Z41.106,Z41.100x022
diagnoses,Z43.900,Z43.900x001
diagnoses,Z44.200x001,Z44.201
diagnoses,Z45.000,Z45.006
diagnoses,Z45.000x001,T82.103
diagnoses,Z45.004,Z45.003
diagnoses,Z45.305,Z46.701
diagnoses,Z45.800x003,Z48.801
diagnoses,Z45.800x010,Z46.200x002
diagnoses,Z45.800x012,Z45.200
diagnoses,Z45.800x013,Z45.202
diagnoses,Z46.600x002,Z46.600x001
diagnoses,Z46.900x001,Z97.000x002
diagnoses,Z49.000x003,Z49.000x004
diagnoses,Z49.000x005,Z49.000x004
diagnoses,Z50.100x011,Z50.101
diagnoses,Z50.500x001,Z50.501
diagnoses,Z51.100x002,Z51.101
diagnoses,Z51.800x002,Z51.800
diagnoses,Z53.000,Z53.000x001
diagnoses,Z53.100,Z53.100x001
diagnoses,Z53.200,Z53.200x001
diagnoses,Z54.000x031,Z98.800x704
diagnoses,Z54.000x032,Z98.800x704
diagnoses,Z54.000x033,Z98.800x704
diagnoses,Z54.000x034,Z98.800x704
diagnoses,Z54.000x035,Z98.800x704
diagnoses,Z54.000x036,Z98.800x704
diagnoses,Z54.000x037,Z98.800x704
diagnoses,Z60.000x002,Z60.000x001
diagnoses,Z60.000x003,Z60.000x001
diagnoses,Z60.200x002,Z60.200x001
diagnoses,Z75.900x002,Z13.900
diagnoses,Z85.300,Z85.300x001
diagnoses,Z85.400x009,Z85.404
diagnoses,Z85.500x011,Z85.500
diagnoses,Z85.700x002,Z85.701
diagnoses,Z88.000,Z88.000x001
diagnoses,Z88.200,Z88.200x001
diagnoses,Z88.400,Z88.400x001
diagnoses,Z88.600,Z88.600x001
diagnoses,Z88.700,Z88.700x001
diagnoses,Z89.300x001,Z89.300
diagnoses,Z89.800x002,T11.102
diagnoses,Z89.800x003,T13.101
diagnoses,Z89.900,Z89.900x001
diagnoses,Z90.000x024,Z90.000x016
diagnoses,Z90.003,Z90.000x009
diagnoses,Z90.100,Z90.100x001
diagnoses,Z90.200,Z90.200x001
diagnoses,Z90.300,Z90.300x001
diagnoses,Z90.408,Z90.400x003
diagnoses,Z90.601,Z90.600x002
diagnoses,Z90.700x004,Z90.709
diagnoses,Z90.700x007,Z90.701
diagnoses,Z92.200x031,Z92.201
diagnoses,Z93.600x001,Z93.602
diagnoses,Z94.800x021,Z94.804
diagnoses,Z95.000,Z95.001
diagnoses,Z95.000x001,Z95.000
diagnoses,Z95.000x002,Z95.002
diagnoses,Z95.000x003,Z95.003
diagnoses,Z95.000x004,Z95.004
diagnoses,Z95.100x001,Z95.101
diagnoses,Z96.100x001,Z96.101
diagnoses,Z96.600x021,Z96.603
diagnoses,Z97.300x001,Z97.301
diagnoses,Z98.800x415,Z95.101
diagnoses,Z98.800x419,Z95.101
diagnoses,Z98.800x601,Z94.802
diagnoses,Z98.800x607,Z96.601
diagnoses,Z98.800x608,Z96.600x001
diagnoses,Z98.800x910,Z98.800x407
diagnoses,Z98.800x911,Z98.800x418
procedures,00.6400x007,00.6500x014
procedures,00.6500x014,00.6501
procedures,00.6600x008,00.6601
procedures,01.2412,01.2402
procedures,01.3900x003,01.0900x006
procedures,01.3900x007,01.3908
procedures,01.3900x013,01.0900x007
procedures,01.3900x016,01.0900x008
procedures,01.3901,01.0900x009
procedures,01.5900x052,38.6102
procedures,01.5930,01.5901
procedures,01.5934,38.6102
procedures,02.1300x002,02.1301
procedures,02.2100x002,02.2102
procedures,02.2200x006,02.2202
procedures,02.2200x007,01.5107
procedures,02.2209,02.2208
procedures,03.0100x002,03.4x03
procedures,03.0100x003,03.4x07
procedures,03.0100x004,03.4x00x008
procedures,03.0100x005,03.4x00x009
procedures,03.0900x029,03.0901
procedures,03.2102,03.2900x005
procedures,03.7100x001,03.7101
procedures,03.9200x002,99.2500x036
procedures,03.9200x003,03.9200x001
procedures,04.2x00x010,05.2300x006
procedures,04.2x00x012,05.2400x003
procedures,04.2x00x013,05.2300x007
procedures,04.2x00x015,07.4200x002
procedures,04.2x00x016,05.2300x003
procedures,04.2x00x018,05.2200x002
procedures,04.2x00x019,05.2300x004
procedures,04.2x00x020,05.2300x005
procedures,04.2x00x021,05.2300x004
procedures,04.2x07,04.0200x007
procedures,04.2x08,04.0200x007
procedures,04.2x09,05.2100x002
procedures,04.4100x004,04.0200x008
procedures,04.4200x015,04.4100x007
procedures,04.4900x038,04.4200x017
procedures,04.5x00x024,04.5x11
procedures,04.7400x034,04.3x00x029
procedures,04.7600x002,04.7601
procedures,04.7600x003,04.7602
procedures,04.7600x004,04.7603
procedures,04.9201x001,04.9200x001
procedures,04.9201x002,04.9200x002
procedures,04.9201x003,04.9200x003
procedures,04.9300x001,86.0501
procedures,06.3100x001,06.3102
procedures,06.3100x002,06.3102
procedures,07.2100x001,07.4900x002
procedures,07.2101,07.4900x002
procedures,07.4100x002,07.4103
procedures,07.7200x004,07.7205
procedures,08.6100x006,08.6300x005
procedures,08.6100x007,08.6300x006
procedures,08.9900x004,08.0902
procedures,09.4900x006,09.4900x003
procedures,10.4400x002,10.4403
procedures,10.4900x004,10.4904
procedures,11.4902,11.7100x002
procedures,11.6900x002,11.7300x001
procedures,11.7200x005,11.7100x005
procedures,11.7903,11.6400x002
procedures,11.7904,11.7100x007
procedures,11.9901,11.7400x001
procedures,12.3500x001,12.3500
procedures,12.3900x005,12.3900x001
procedures,12.7900x001,12.6701
procedures,12.7901,12.5900x003
procedures,12.7902,12.6700x008
procedures,12.7903,12.6700x009
procedures,12.7904,12.6700x010
procedures,12.8800x002,12.8700x005
procedures,13.7200x002,13.7200x001
procedures,14.7202,14.7401
procedures,14.7203,14.7401
procedures,16.0200x001,16.6300x004
procedures,16.4101,16.4200x001
procedures,17.4900x001,17.4901
procedures,17.9200x001,17.92110
procedures,17.9200x002,17.92120
procedures,17.9200x003,17.92130
procedures,17.9200x004,17.92210
procedures,17.9200x005,17.92220
procedures,17.9200x006,17.92230
procedures,17.9200x007,17.92240
procedures,17.9200x008,17.92250
procedures,17.9200x009,17.92260
procedures,17.9200x010,17.92270
procedures,17.9200x011,17.92280
procedures,17.9200x012,17.92290
procedures,17.9200x013,17.922A0
procedures,17.9200x014,17.922B0
procedures,17.9200x015,17.922C0
procedures,17.9200x016,17.922D0
procedures,17.9200x017,17.922E0
procedures,17.9200x018,17.922F0
procedures,17.9200x019,17.922G0
procedures,17.9200x020,17.922H0
procedures,17.9200x021,17.922J0
procedures,17.9200x022,17.92300
procedures,17.9200x023,17.92400
procedures,17.9200x024,17.92500
procedures,17.9200x025,17.92610
procedures,17.9200x026,17.92620
procedures,17.9200x027,17.92630
procedures,17.9200x028,17.92640
procedures,17.9200x029,17.92650
procedures,17.9200x030,17.92660
procedures,17.9200x031,17.92670
procedures,17.9200x032,17.92680
procedures,17.9200x033,17.92690
procedures,17.9200x034,17.92710
procedures,17.9200x035,17.92720
procedures,17.9200x036,17.92730
procedures,17.9200x037,17.92740
procedures,17.9200x038,17.92750
procedures,17.9200x039,17.92760
procedures,17.9200x040,17.92770
procedures,17.9200x041,17.92780
procedures,17.9200x042,17.92790
procedures,17.9200x043,17.927A0
procedures,17.9200x044,17.927B0
procedures,17.9200x045,17.927C0
procedures,17.9200x046,17.927D0
procedures,17.9200x047,17.927E0
procedures,17.9200x048,17.92800
procedures,17.9200x049,17.92900
procedures,17.9200x050,17.92010
procedures,17.9300x001,17.93100
procedures,17.9300x002,17.93200
procedures,17.9300x003,17.93300
procedures,17.9300x004,17.93400
procedures,17.9400x001,17.94100
procedures,17.9400x002,17.94200
procedures,17.9400x003,17.94300
procedures,17.9400x004,17.94400
procedures,17.9500x001,17.95110
procedures,17.9500x002,17.95120
procedures,17.9500x003,17.95130
procedures,17.9500x004,17.95140
procedures,17.9500x005,17.95150
procedures,17.9500x006,17.95210
procedures,17.9500x007,17.95220
procedures,17.9500x008,17.95230
procedures,17.9500x009,17.95240
procedures,17.9500x010,17.95300
procedures,17.9500x011,17.95410
procedures,17.9500x012,17.95420
procedures,17.9500x013,17.95430
procedures,17.9500x014,17.95510
procedures,17.9500x015,17.95520
procedures,17.9500x016,17.95530
procedures,17.9500x017,17.95610
procedures,17.9500x018,17.95710
procedures,17.9500x019,17.95720
procedures,17.9500x020,17.99930
procedures,17.9500x021,17.99940
procedures,17.9500x022,17.91290
procedures,17.9700x001,17.97100
procedures,17.9700x002,17.97110
procedures,17.9700x003,17.97120
procedures,17.9700x004,17.97130
procedures,17.9700x005,17.97140
procedures,17.9700x006,17.97150
procedures,17.9700x007,17.97160
procedures,17.9700x008,17.97170
procedures,17.9700x009,17.97180
procedures,17.9700x010,17.97190
procedures,17.9700x011,17.971A0
procedures,17.9700x012,17.971B0
procedures,17.9700x013,17.971C0
procedures,17.9700x014,17.971D0
procedures,17.9700x015,17.97200
procedures,17.9700x016,17.97210
procedures,17.9700x017,17.97220
procedures,17.9700x018,17.97230
procedures,17.9700x019,17.97240
procedures,17.9700x020,17.97250
procedures,17.9700x021,17.97260
procedures,17.9700x022,17.97270
procedures,17.9700x023,17.97280
procedures,17.9700x024,17.97290
procedures,17.9700x025,17.972A0
procedures,17.9700x026,17.972B0
procedures,17.9700x027,17.972C0
procedures,17.9700x028,17.972D0
procedures,17.9700x029,17.972E0
procedures,17.9700x030,17.972F0
procedures,17.9700x031,17.972G0
procedures,17.9700x032,17.972H0
procedures,17.9700x033,17.972J0
procedures,17.9700x034,17.972K0
procedures,17.9700x035,17.972L0
procedures,17.9700x036,17.972M0
procedures,17.9700x037,17.972N0
procedures,17.9700x038,17.972P0
procedures,17.9700x039,17.972Q0
procedures,17.9700x040,17.972R0
procedures,17.9700x041,17.972S0
procedures,17.9700x042,17.97310
procedures,17.9700x043,17.97320
procedures,17.9700x044,17.97330
procedures,17.9700x045,17.97410
procedures,17.9700x048,17.97500
procedures,17.9900x001,17.99110
procedures,17.9900x002,17.99120
procedures,17.9900x003,17.99130
procedures,17.9900x004,17.99140
procedures,17.9900x005,17.99150
procedures,17.9900x006,17.99160
procedures,17.9900x007,17.99170
procedures,17.9900x008,17.99180
procedures,17.9900x009,17.99190
procedures,17.9900x010,17.991A0
procedures,17.9900x011,17.991B0
procedures,17.9900x012,17.991C0
procedures,17.9900x013,17.991D0
procedures,17.9900x014,17.991E0
procedures,17.9900x015,17.991F0
procedures,18.7900x010,18.7900x009
procedures,19.1900x009,19.1902
procedures,21.0900x001,21.0905
procedures,21.3200x012,21.3200x008
procedures,22.6300x013,22.6302
procedures,27.1x02,27.0x11
procedures,27.4303,27.5903
procedures,28.6x00x006,28.6x00x001
procedures,30.0900x041,30.0903
procedures,30.0900x042,30.0903
procedures,30.0900x043,30.0911
procedures,30.2900x001,30.1x00x002
procedures,30.2911,30.1x00
procedures,31.5x00x015,31.5x04
procedures,31.6900x014,31.6911
procedures,31.7900x007,31.9903
procedures,31.9800x001,31.7500x006
procedures,31.9808,30.0911
procedures,32.0103,32.0900x004
procedures,33.2600x003,33.2600x002
procedures,33.9902,34.9901
procedures,34.4x00x009,34.4x01
procedures,34.4x00x010,34.4x01
procedures,35.0801,35.2500x002
procedures,35.0802,35.2600x002
procedures,35.1200x004,35.9700x005
procedures,35.3900x002,39.7900x402
procedures,35.4100x003,35.4101
procedures,35.5300x004,35.5300x001
procedures,35.7200x003,35.7200x001
procedures,35.8300x006,39.7300x006
procedures,35.9500x009,35.9600x008
procedures,35.9500x010,35.9700x006
procedures,35.9500x011,35.9500x004
procedures,35.9500x012,35.9200x003
procedures,37.8300x002,00.5000x004
procedures,37.8700x002,00.5000x005
procedures,38.1400x002,38.1402
procedures,38.1400x003,38.1403
procedures,38.2000,38.2900
procedures,38.3400x005,38.3403
procedures,38.3400x006,38.3402
procedures,38.4300x009,38.4304
procedures,38.8900x001,39.7900x809
procedures,39.1x00x014,39.2300x017
procedures,39.1x00x015,39.2300x018
procedures,39.1x00x016,39.2300x019
procedures,39.1x00x017,39.2300x020
procedures,39.1x00x018,39.2300x021
procedures,39.1x00x019,39.2300x022
procedures,39.1x02,39.2300x016
procedures,39.2200x017,39.2900x013
procedures,39.2200x020,39.2900x012
procedures,39.2200x026,39.2300x024
procedures,39.2300x006,39.2309
procedures,39.2601,39.1x00x007
procedures,39.2800x004,39.2800x003
procedures,39.2800x006,39.2800x005
procedures,39.2800x007,39.2800x003
procedures,39.5000x033,39.5000x015
procedures,39.5300x005,39.7200x018
procedures,39.5300x007,39.7900x301
procedures,39.5300x008,39.7900x517
procedures,39.5300x009,39.7900x801
procedures,39.5300x014,39.7900x077
procedures,39.5300x026,39.7900x516
procedures,39.5300x027,39.7900x625
procedures,39.5300x028,39.7900x626
procedures,39.5300x029,39.7900x703
procedures,39.5300x030,39.7200x017
procedures,39.5300x031,39.7900x704
procedures,39.5300x032,39.7900x515
procedures,39.5301,39.7900x078
procedures,39.7200x006,39.7203
procedures,39.7204,39.7503
procedures,39.7207,39.7504
procedures,39.7210,39.7501
procedures,39.7212,39.7505
procedures,39.7214,39.7506
procedures,39.7402,39.7400x002
procedures,39.7500x001,39.7503
procedures,39.7500x002,39.7504
procedures,39.7500x003,39.7505
procedures,39.7500x004,39.7506
procedures,39.7600x001,39.7606
procedures,39.7602,39.7601
procedures,39.7800x003,39.7900x015
procedures,39.7800x004,39.7900x518
procedures,39.7900x003,39.7800x006
procedures,39.7900x008,39.7800x008
procedures,39.7900x010,39.7800x010
procedures,39.7900x048,39.7213
procedures,39.7900x050,39.7900x069
procedures,39.9500x008,39.9501
procedures,40.3x00x004,40.0x00x002
procedures,40.5900x020,40.5915
procedures,41.4200x004,41.9900x003
procedures,41.9900x002,41.9500x001
procedures,42.3311,42.3200x006
procedures,42.7x03,42.9200x007
procedures,43.4100x022,43.4100x014
procedures,43.8200x001,43.8202
procedures,43.9900x005,43.8201
procedures,43.9900x006,43.9906
procedures,43.9900x007,43.9903
procedures,44.2900x002,44.2100x002
procedures,44.4100x009,44.4300x004
procedures,44.4200x004,44.4300x005
procedures,44.5x03,44.2200x001
procedures,44.5x04,44.2200x001
procedures,44.5x05,44.2200x003
procedures,44.5x06,44.2200x004
procedures,44.5x07,42.9200x008
procedures,44.9900x001,44.9901
procedures,45.3300x012,45.3400x002
procedures,45.3300x013,45.3400x003
procedures,45.3300x014,45.3400x004
procedures,45.3305,45.3400x005
procedures,45.4100x005,45.4100x007
procedures,45.4200x004,45.4200x003
procedures,45.4300x010,45.4307
procedures,45.7303,45.7300x003
procedures,45.7602,45.7500
procedures,45.7603,45.7500x001
procedures,45.7900x004,17.3900x004
procedures,46.8600x002,96.2200x002
procedures,47.0900x002,47.0903
procedures,47.9900x001,98.0400x002
procedures,48.3500x001,48.3600x001
procedures,48.3508,48.3600x002
procedures,48.3509,48.3600x003
procedures,48.3510,48.3600x004
procedures,48.3511,48.3600x005
procedures,48.3512,48.3600x006
procedures,48.3513,48.3600x007
procedures,48.7600x010,17.98512
procedures,48.7600x011,17.98521
procedures,48.9900x001,17.98121
procedures,48.9900x002,17.98122
procedures,48.9900x003,17.98123
procedures,48.9900x004,17.98125
procedures,49.4200x001,17.98230
procedures,49.4200x002,17.98220
procedures,49.4200x003,17.98211
procedures,49.4200x004,17.98212
procedures,49.4500x001,17.98320
procedures,49.4500x002,17.98330
procedures,49.4500x003,17.98340
procedures,49.7300x001,17.98124
procedures,49.7900x006,49.7905
procedures,49.7900x007,49.7906
procedures,50.2900x022,50.9401
procedures,50.2900x023,50.2400x003
procedures,50.6900x004,50.9400x005
procedures,51.0400x005,51.0405
procedures,51.6100x002,51.6101
procedures,52.1200x001,52.1201
procedures,53.8100x002,53.8101
procedures,53.8100x003,53.8102
procedures,53.8100x004,53.8103
procedures,54.0x00x028,54.0x03
procedures,54.3x00x028,54.3x00x027
procedures,55.0300x008,55.0303
procedures,55.2200x001,55.2200
procedures,55.4x06,55.4x00
procedures,57.8700x010,57.8708
procedures,58.3100x001,58.3104
procedures,58.9300x001,58.6x02
procedures,59.7900x002,59.5x01
procedures,63.5200x001,63.8102
procedures,63.6x00x005,63.6x02
procedures,65.0102,65.0100x002
procedures,65.0104,74.3x00x012
procedures,65.0902,65.0900x003
procedures,65.2900x023,65.2905
procedures,65.6300x001,65.6301
procedures,66.69x001,66.6900x001
procedures,66.69x002,66.6900x002
procedures,67.4x00x006,67.4x01
procedures,68.2203,68.2204
procedures,68.2205,68.2206
procedures,68.2908,54.4x10
procedures,68.6900x003,68.4900x006
procedures,70.5301,70.5305
procedures,70.5302,70.5305
procedures,70.5303,70.5305
procedures,70.6200x001,70.6400x001
procedures,71.3x02,98.2300x001
procedures,75.0x03,75.0x01x001
procedures,75.6900x003,75.6905
procedures,75.9200x003,75.9203
procedures,75.9900x007,75.9902
procedures,76.0900x005,16.0902
procedures,77.2800x006,77.2900x006
procedures,77.4800x001,77.4900x005
procedures,77.4800x002,77.4900x004
procedures,77.4800x003,77.4900x006
procedures,77.6800x001,77.6900x020
procedures,77.6800x002,77.6900x007
procedures,77.7800x001,77.7900x001
procedures,77.8800x001,77.8900x027
procedures,77.8800x002,77.8900x028
procedures,78.0800x003,78.0900x001
procedures,78.0800x004,78.0900x014
procedures,78.4800x001,78.4900x001
procedures,78.6800x006,78.6900x002
procedures,79.3600x021,78.5700x011
procedures,79.3600x022,79.3605
procedures,79.3700x025,79.3700x031
procedures,79.3700x026,79.3700x033
procedures,79.3700x027,79.3700x055
procedures,79.6900x003,79.6901
procedures,79.6900x004,79.6600x001
procedures,79.7800x001,79.7800
procedures,80.1700x002,80.1702
procedures,84.2901,84.2900
procedures,85.2100x004,85.2101
procedures,86.0500x010,86.0500x009
procedures,86.3x10x072,86.3x17
procedures,86.700x0015,86.700x0014
procedures,86.8300x033,86.8304
procedures,86.8300x036,86.8301
procedures,86.8300x037,86.8301
procedures,86.9600x004,86.0500x009
procedures,86.9600x005,86.9600x003
procedures,86.9600x007,86.9602
procedures,86.9600x008,86.0900x009
procedures,89.3700x001,89.3800x003
procedures,89.3900x001,89.3904
procedures,89.5900x004,37.2000x003
procedures,90.0x00,90.0900
procedures,90.1x00,90.1900
procedures,90.2x00,90.2900
procedures,90.3x00,90.3900
procedures,90.4x00,90.4900
procedures,90.5x00,90.5900
procedures,90.6x00,90.6900
procedures,90.6x01,90.6100
procedures,90.7x00,90.7900
procedures,90.8x00,90.8900
procedures,90.9x00,90.9900
procedures,91.0x00,91.0900
procedures,91.1x00,91.1900
procedures,91.2x00,91.2900
procedures,91.3x00,91.3900
procedures,91.4x00,91.4900
procedures,91.5x00,91.5900
procedures,91.6x00,91.6900
procedures,91.7x00,91.7900
procedures,91.8x00,91.8900
procedures,91.9x00,91.9900
procedures,93.2600x001,17.97420
procedures,93.2600x002,17.97430
procedures,93.3500x005,17.91330
procedures,93.3500x006,17.91350
procedures,93.3500x009,17.91310
procedures,93.3500x010,17.91320
procedures,93.3500x011,17.91330
procedures,93.3500x012,17.91340
procedures,93.3500x013,17.91350
procedures,93.3500x014,17.91360
procedures,93.3500x015,17.91370
procedures,93.3500x016,93.3525
procedures,93.3510,17.91350
procedures,93.3511,17.91310
procedures,93.3512,17.91320
procedures,93.3513,17.91330
procedures,93.3514,17.91360
procedures,93.3515,17.91240
procedures,93.3516,17.99930
procedures,93.3517,17.95720
procedures,93.3518,17.95720
procedures,93.3519,17.94100
procedures,93.3520,17.95610
procedures,93.3521,17.95610
procedures,93.3522,17.95610
procedures,93.3523,17.95420
procedures,95.2600x001,95.2601
procedures,96.3700x002,17.98421
procedures,96.3700x003,17.98422
procedures,96.3700x004,17.98611
procedures,96.3700x005,17.98612
procedures,96.3701,17.98410
procedures,96.6x00x001,96.0800x007
procedures,96.6x03,96.0800x004
procedures,96.6x04,96.0800x005
procedures,96.6x05,96.0800x006
procedures,99.0900x001,99.0902
procedures,99.1900x001,99.1900
procedures,99.7700x002,99.7700x001
procedures,99.9200,17.91110
procedures,99.9200x001,17.91110
procedures,99.9200x002,17.91120
procedures,99.9200x003,17.91130
procedures,99.9200x004,17.91140
procedures,99.9200x005,17.91150
procedures,99.9200x006,17.91160
procedures,99.9200x007,17.91170
procedures,99.9200x008,17.91180
procedures,99.9200x009,17.91220
procedures,99.9200x010,17.91230
procedures,99.9200x011,17.91240
procedures,99.9200x012,17.91250
procedures,99.9200x013,17.91260
procedures,99.9200x014,17.91270
procedures,99.9200x015,17.91280
procedures,99.9200x016,17.912A0
procedures,99.9200x017,17.912B0
procedures,99.9200x018,17.912C0
procedures,99.9200x019,17.96100
procedures,99.9200x020,17.96110
procedures,99.9200x021,17.96120
procedures,99.9200x022,17.96130
procedures,99.9200x023,17.96200
procedures,99.9200x024,17.96210
procedures,99.9200x025,17.96300
procedures,99.9200x026,17.96400
procedures,99.9200x027,17.96500
procedures,99.9200x028,17.96510
procedures,99.9200x029,17.96520
procedures,99.9200x030,17.96530
procedures,99.9200x031,17.96600
procedures,99.9200x032,17.96700
procedures,99.9200x033,17.96800
procedures,99.9200x034,17.99910
procedures,99.9200x035,17.99920
procedures,99.9201,17.91100
procedures,99.9202,17.91190
procedures,99.9203,17.912A0
procedures,99.9204,17.912A0
procedures,99.9205,17.91210
procedures,99.9206,17.91250
procedures,99.9207,17.91220
procedures,99.9208,17.91220
procedures,99.9209,17.91220
procedures,99.9210,17.91220
procedures,99.9211,17.93400
